<?xml version="1.0" encoding="UTF-8"?>
<COLLADA xmlns="http://www.collada.org/2005/11/COLLADASchema" version="1.4.1">
 <asset>
  <contributor>
   <authoring_tool>SceneKit Collada Exporter v1.0</authoring_tool>
  </contributor>
  <created>2026-09-13T10:06:22Z</created>
  <modified>2026-09-13T10:06:22Z</modified>
  <unit meter="1.000000"/>
  <up_axis>Y_UP</up_axis>
 </asset>
 <library_materials>
  <material id="Midnight_enamel" name="Midnight_enamel">
   <instance_effect url="#effect_Midnight_enamel"/>
  </material>
  <material id="Warm_brass" name="Warm_brass">
   <instance_effect url="#effect_Warm_brass"/>
  </material>
  <material id="Deep_seams" name="Deep_seams">
   <instance_effect url="#effect_Deep_seams"/>
  </material>
  <material id="Brass_edge" name="Brass_edge">
   <instance_effect url="#effect_Brass_edge"/>
  </material>
  <material id="Raised_blue_panels" name="Raised_blue_panels">
   <instance_effect url="#effect_Raised_blue_panels"/>
  </material>
  <material id="Chest_interior" name="Chest_interior">
   <instance_effect url="#effect_Chest_interior"/>
  </material>
 </library_materials>
 <library_effects>
  <effect id="effect_Midnight_enamel">
   <profile_COMMON>
    <technique sid="common">
     <phong>
      <diffuse>
       <color>0.137255 0.239216 0.317647 1</color>
      </diffuse>
      <transparency>
       <float>1</float>
      </transparency>
      <index_of_refraction>
       <float>1</float>
      </index_of_refraction>
     </phong>
    </technique>
   </profile_COMMON>
   <extra>
    <technique profile="SceneKit">
     <litPerPixel>1</litPerPixel>
     <ambient_diffuse_lock>1</ambient_diffuse_lock>
    </technique>
   </extra>
  </effect>
  <effect id="effect_Warm_brass">
   <profile_COMMON>
    <technique sid="common">
     <phong>
      <diffuse>
       <color>0.835294 0.666667 0.364706 1</color>
      </diffuse>
      <transparency>
       <float>1</float>
      </transparency>
      <index_of_refraction>
       <float>1</float>
      </index_of_refraction>
     </phong>
    </technique>
   </profile_COMMON>
   <extra>
    <technique profile="SceneKit">
     <litPerPixel>1</litPerPixel>
     <ambient_diffuse_lock>1</ambient_diffuse_lock>
    </technique>
   </extra>
  </effect>
  <effect id="effect_Deep_seams">
   <profile_COMMON>
    <technique sid="common">
     <phong>
      <diffuse>
       <color>0.0745098 0.164706 0.223529 1</color>
      </diffuse>
      <transparency>
       <float>1</float>
      </transparency>
      <index_of_refraction>
       <float>1</float>
      </index_of_refraction>
     </phong>
    </technique>
   </profile_COMMON>
   <extra>
    <technique profile="SceneKit">
     <litPerPixel>1</litPerPixel>
     <ambient_diffuse_lock>1</ambient_diffuse_lock>
    </technique>
   </extra>
  </effect>
  <effect id="effect_Brass_edge">
   <profile_COMMON>
    <technique sid="common">
     <phong>
      <diffuse>
       <color>0.945098 0.792157 0.47451 1</color>
      </diffuse>
      <transparency>
       <float>1</float>
      </transparency>
      <index_of_refraction>
       <float>1</float>
      </index_of_refraction>
     </phong>
    </technique>
   </profile_COMMON>
   <extra>
    <technique profile="SceneKit">
     <litPerPixel>1</litPerPixel>
     <ambient_diffuse_lock>1</ambient_diffuse_lock>
    </technique>
   </extra>
  </effect>
  <effect id="effect_Raised_blue_panels">
   <profile_COMMON>
    <technique sid="common">
     <phong>
      <diffuse>
       <color>0.211765 0.333333 0.419608 1</color>
      </diffuse>
      <transparency>
       <float>1</float>
      </transparency>
      <index_of_refraction>
       <float>1</float>
      </index_of_refraction>
     </phong>
    </technique>
   </profile_COMMON>
   <extra>
    <technique profile="SceneKit">
     <litPerPixel>1</litPerPixel>
     <ambient_diffuse_lock>1</ambient_diffuse_lock>
    </technique>
   </extra>
  </effect>
  <effect id="effect_Chest_interior">
   <profile_COMMON>
    <technique sid="common">
     <phong>
      <diffuse>
       <color>0.109804 0.188235 0.219608 1</color>
      </diffuse>
      <transparency>
       <float>1</float>
      </transparency>
      <index_of_refraction>
       <float>1</float>
      </index_of_refraction>
     </phong>
    </technique>
   </profile_COMMON>
   <extra>
    <technique profile="SceneKit">
     <litPerPixel>1</litPerPixel>
     <ambient_diffuse_lock>1</ambient_diffuse_lock>
    </technique>
   </extra>
  </effect>
 </library_effects>
 <library_geometries>
  <geometry id="geometry1">
   <mesh>
    <source id="geometrySource2">
     <float_array id="ID3-array" count="288">-0.945 0 0 0.945 0 1.16 -0.945 0 1.16 -0.945 0 0 0.945 0 0 0.945 0 1.16 -0.945 0 1.16 0.945 0.1 1.16 -0.945 0.1 1.16 -0.945 0 1.16 0.945 0 1.16 0.945 0.1 1.16 -0.945 0.1 1.16 0.945 0.3 1.06 -0.945 0.3 1.06 -0.945 0.1 1.16 0.945 0.1 1.16 0.945 0.3 1.06 -0.945 0.3 1.06 0.945 0.47 0.85 -0.945 0.47 0.85 -0.945 0.3 1.06 0.945 0.3 1.06 0.945 0.47 0.85 -0.945 0.47 0.85 0.945 0.53 0.58 -0.945 0.53 0.58 -0.945 0.47 0.85 0.945 0.47 0.85 0.945 0.53 0.58 -0.945 0.53 0.58 0.945 0.47 0.31 -0.945 0.47 0.31 -0.945 0.53 0.58 0.945 0.53 0.58 0.945 0.47 0.31 -0.945 0.47 0.31 0.945 0.3 0.1 -0.945 0.3 0.1 -0.945 0.47 0.31 0.945 0.47 0.31 0.945 0.3 0.1 -0.945 0.3 0.1 0.945 0.1 0 -0.945 0.1 0 -0.945 0.3 0.1 0.945 0.3 0.1 0.945 0.1 0 -0.945 0.1 0 0.945 0 0 -0.945 0 0 -0.945 0.1 0 0.945 0.1 0 0.945 0 0 -0.945 0 0 -0.945 0 1.16 -0.945 0.1 1.16 0.945 0 0 0.945 0.1 1.16 0.945 0 1.16 -0.945 0 0 -0.945 0.1 1.16 -0.945 0.3 1.06 0.945 0 0 0.945 0.3 1.06 0.945 0.1 1.16 -0.945 0 0 -0.945 0.3 1.06 -0.945 0.47 0.85 0.945 0 0 0.945 0.47 0.85 0.945 0.3 1.06 -0.945 0 0 -0.945 0.47 0.85 -0.945 0.53 0.58 0.945 0 0 0.945 0.53 0.58 0.945 0.47 0.85 -0.945 0 0 -0.945 0.53 0.58 -0.945 0.47 0.31 0.945 0 0 0.945 0.47 0.31 0.945 0.53 0.58 -0.945 0 0 -0.945 0.47 0.31 -0.945 0.3 0.1 0.945 0 0 0.945 0.3 0.1 0.945 0.47 0.31 -0.945 0 0 -0.945 0.3 0.1 -0.945 0.1 0 0.945 0 0 0.945 0.1 0 0.945 0.3 0.1 </float_array>
     <technique_common>
      <accessor source="#ID3-array" count="96" stride="3">
       <param name="X" type="float"/>
       <param name="Y" type="float"/>
       <param name="Z" type="float"/>
      </accessor>
     </technique_common>
    </source>
    <source id="geometrySource4">
     <float_array id="ID5-array" count="288">0 -1 0 0 -1 0 0 -1 0 0 -1 0 0 -1 0 0 -1 0 0 0 1 0 0 1 0 0 1 0 0 1 0 0 1 0 0 1 1.05778e-09 0.447214 0.894427 1.05778e-09 0.447214 0.894427 1.05778e-09 0.447214 0.894427 -0 0.447214 0.894427 -0 0.447214 0.894427 -0 0.447214 0.894427 -2.48621e-09 0.777245 0.629198 -2.48621e-09 0.777245 0.629198 -2.48621e-09 0.777245 0.629198 -0 0.777245 0.629198 -0 0.777245 0.629198 -0 0.777245 0.629198 -3.76269e-10 0.976187 0.21693 -3.76269e-10 0.976187 0.21693 -3.76269e-10 0.976187 0.21693 -0 0.976187 0.21693 -0 0.976187 0.21693 -0 0.976187 0.21693 6.61327e-10 0.976187 -0.21693 6.61327e-10 0.976187 -0.21693 6.61327e-10 0.976187 -0.21693 0 0.976187 -0.21693 0 0.976187 -0.21693 0 0.976187 -0.21693 3.06982e-09 0.777245 -0.629198 3.06982e-09 0.777245 -0.629198 3.06982e-09 0.777245 -0.629198 0 0.777245 -0.629198 0 0.777245 -0.629198 0 0.777245 -0.629198 1.58667e-09 0.447214 -0.894427 1.58667e-09 0.447214 -0.894427 1.58667e-09 0.447214 -0.894427 0 0.447214 -0.894427 0 0.447214 -0.894427 0 0.447214 -0.894427 0 0 -1 0 0 -1 0 0 -1 0 0 -1 0 0 -1 0 0 -1 -1 0 0 -1 0 0 -1 0 0 1 0 0 1 0 0 1 0 0 -1 0 0 -1 0 0 -1 0 0 1 0 0 1 0 0 1 0 0 -1 0 0 -1 0 0 -1 0 0 1 0 0 1 0 0 1 0 0 -1 0 0 -1 0 0 -1 0 0 1 0 0 1 0 0 1 0 0 -1 0 0 -1 0 0 -1 0 0 1 0 0 1 0 0 1 0 0 -1 0 0 -1 0 0 -1 0 0 1 0 0 1 0 0 1 0 0 -1 0 0 -1 0 0 -1 0 0 1 0 0 1 0 0 1 0 0 </float_array>
     <technique_common>
      <accessor source="#ID5-array" count="96" stride="3">
       <param name="X" type="float"/>
       <param name="Y" type="float"/>
       <param name="Z" type="float"/>
      </accessor>
     </technique_common>
    </source>
    <vertices id="geometrySource2-vertices">
     <input semantic="POSITION" source="#geometrySource2"/>
     <input semantic="NORMAL" source="#geometrySource4"/>
    </vertices>
    <triangles count="32" material="geometryElement6">
     <input semantic="VERTEX" offset="0" source="#geometrySource2-vertices"/>
     <input semantic="NORMAL" offset="0" source="#geometrySource4"/>
     <p>0 1 2 3 4 5 6 7 8 9 10 11 12 13 14 15 16 17 18 19 20 21 22 23 24 25 26 27 28 29 30 31 32 33 34 35 36 37 38 39 40 41 42 43 44 45 46 47 48 49 50 51 52 53 54 55 56 57 58 59 60 61 62 63 64 65 66 67 68 69 70 71 72 73 74 75 76 77 78 79 80 81 82 83 84 85 86 87 88 89 90 91 92 93 94 95 </p>
    </triangles>
   </mesh>
  </geometry>
  <geometry id="geometry7">
   <mesh>
    <source id="geometrySource8">
     <float_array id="ID9-array" count="288">-0.0725 -0.012 0 0.0725 -0.012 1.16 -0.0725 -0.012 1.16 -0.0725 -0.012 0 0.0725 -0.012 0 0.0725 -0.012 1.16 -0.0725 -0.012 1.16 0.0725 0.123 1.16 -0.0725 0.123 1.16 -0.0725 -0.012 1.16 0.0725 -0.012 1.16 0.0725 0.123 1.16 -0.0725 0.123 1.16 0.0725 0.323 1.06 -0.0725 0.323 1.06 -0.0725 0.123 1.16 0.0725 0.123 1.16 0.0725 0.323 1.06 -0.0725 0.323 1.06 0.0725 0.493 0.85 -0.0725 0.493 0.85 -0.0725 0.323 1.06 0.0725 0.323 1.06 0.0725 0.493 0.85 -0.0725 0.493 0.85 0.0725 0.553 0.58 -0.0725 0.553 0.58 -0.0725 0.493 0.85 0.0725 0.493 0.85 0.0725 0.553 0.58 -0.0725 0.553 0.58 0.0725 0.493 0.31 -0.0725 0.493 0.31 -0.0725 0.553 0.58 0.0725 0.553 0.58 0.0725 0.493 0.31 -0.0725 0.493 0.31 0.0725 0.323 0.1 -0.0725 0.323 0.1 -0.0725 0.493 0.31 0.0725 0.493 0.31 0.0725 0.323 0.1 -0.0725 0.323 0.1 0.0725 0.123 0 -0.0725 0.123 0 -0.0725 0.323 0.1 0.0725 0.323 0.1 0.0725 0.123 0 -0.0725 0.123 0 0.0725 -0.012 0 -0.0725 -0.012 0 -0.0725 0.123 0 0.0725 0.123 0 0.0725 -0.012 0 -0.0725 -0.012 0 -0.0725 -0.012 1.16 -0.0725 0.123 1.16 0.0725 -0.012 0 0.0725 0.123 1.16 0.0725 -0.012 1.16 -0.0725 -0.012 0 -0.0725 0.123 1.16 -0.0725 0.323 1.06 0.0725 -0.012 0 0.0725 0.323 1.06 0.0725 0.123 1.16 -0.0725 -0.012 0 -0.0725 0.323 1.06 -0.0725 0.493 0.85 0.0725 -0.012 0 0.0725 0.493 0.85 0.0725 0.323 1.06 -0.0725 -0.012 0 -0.0725 0.493 0.85 -0.0725 0.553 0.58 0.0725 -0.012 0 0.0725 0.553 0.58 0.0725 0.493 0.85 -0.0725 -0.012 0 -0.0725 0.553 0.58 -0.0725 0.493 0.31 0.0725 -0.012 0 0.0725 0.493 0.31 0.0725 0.553 0.58 -0.0725 -0.012 0 -0.0725 0.493 0.31 -0.0725 0.323 0.1 0.0725 -0.012 0 0.0725 0.323 0.1 0.0725 0.493 0.31 -0.0725 -0.012 0 -0.0725 0.323 0.1 -0.0725 0.123 0 0.0725 -0.012 0 0.0725 0.123 0 0.0725 0.323 0.1 </float_array>
     <technique_common>
      <accessor source="#ID9-array" count="96" stride="3">
       <param name="X" type="float"/>
       <param name="Y" type="float"/>
       <param name="Z" type="float"/>
      </accessor>
     </technique_common>
    </source>
    <source id="geometrySource10">
     <float_array id="ID11-array" count="288">0 -1 0 0 -1 0 0 -1 0 0 -1 0 0 -1 0 0 -1 0 0 0 1 0 0 1 0 0 1 0 0 1 0 0 1 0 0 1 1.37876e-08 0.447214 0.894427 1.37876e-08 0.447214 0.894427 1.37876e-08 0.447214 0.894427 -0 0.447214 0.894427 -0 0.447214 0.894427 -0 0.447214 0.894427 -3.24064e-08 0.777245 0.629198 -3.24064e-08 0.777245 0.629198 -3.24064e-08 0.777245 0.629198 -0 0.777245 0.629198 -0 0.777245 0.629198 -0 0.777245 0.629198 -4.90448e-09 0.976187 0.21693 -4.90448e-09 0.976187 0.21693 -4.90448e-09 0.976187 0.21693 -0 0.976187 0.21693 -0 0.976187 0.21693 -0 0.976187 0.21693 8.62006e-09 0.976187 -0.21693 8.62006e-09 0.976187 -0.21693 8.62006e-09 0.976187 -0.21693 0 0.976187 -0.21693 0 0.976187 -0.21693 0 0.976187 -0.21693 4.00135e-08 0.777245 -0.629198 4.00135e-08 0.777245 -0.629198 4.00135e-08 0.777245 -0.629198 0 0.777245 -0.629198 0 0.777245 -0.629198 0 0.777245 -0.629198 2.06814e-08 0.447214 -0.894427 2.06814e-08 0.447214 -0.894427 2.06814e-08 0.447214 -0.894427 0 0.447214 -0.894427 0 0.447214 -0.894427 0 0.447214 -0.894427 0 0 -1 0 0 -1 0 0 -1 0 0 -1 0 0 -1 0 0 -1 -1 0 0 -1 0 0 -1 0 0 1 0 0 1 0 0 1 0 0 -1 0 0 -1 0 0 -1 0 0 1 0 0 1 0 0 1 0 0 -1 0 0 -1 0 0 -1 0 0 1 0 0 1 0 0 1 0 0 -1 0 0 -1 0 0 -1 0 0 1 0 0 1 0 0 1 0 0 -1 0 0 -1 0 0 -1 0 0 1 0 0 1 0 0 1 0 0 -1 0 0 -1 0 0 -1 0 0 1 0 0 1 0 0 1 0 0 -1 0 0 -1 0 0 -1 0 0 1 0 0 1 0 0 1 0 0 </float_array>
     <technique_common>
      <accessor source="#ID11-array" count="96" stride="3">
       <param name="X" type="float"/>
       <param name="Y" type="float"/>
       <param name="Z" type="float"/>
      </accessor>
     </technique_common>
    </source>
    <vertices id="geometrySource8-vertices">
     <input semantic="POSITION" source="#geometrySource8"/>
     <input semantic="NORMAL" source="#geometrySource10"/>
    </vertices>
    <triangles count="32" material="geometryElement12">
     <input semantic="VERTEX" offset="0" source="#geometrySource8-vertices"/>
     <input semantic="NORMAL" offset="0" source="#geometrySource10"/>
     <p>0 1 2 3 4 5 6 7 8 9 10 11 12 13 14 15 16 17 18 19 20 21 22 23 24 25 26 27 28 29 30 31 32 33 34 35 36 37 38 39 40 41 42 43 44 45 46 47 48 49 50 51 52 53 54 55 56 57 58 59 60 61 62 63 64 65 66 67 68 69 70 71 72 73 74 75 76 77 78 79 80 81 82 83 84 85 86 87 88 89 90 91 92 93 94 95 </p>
    </triangles>
   </mesh>
  </geometry>
  <geometry id="geometry13">
   <mesh>
    <source id="geometrySource14">
     <float_array id="ID15-array" count="288">-0.0725 -0.012 0 0.0725 -0.012 1.16 -0.0725 -0.012 1.16 -0.0725 -0.012 0 0.0725 -0.012 0 0.0725 -0.012 1.16 -0.0725 -0.012 1.16 0.0725 0.123 1.16 -0.0725 0.123 1.16 -0.0725 -0.012 1.16 0.0725 -0.012 1.16 0.0725 0.123 1.16 -0.0725 0.123 1.16 0.0725 0.323 1.06 -0.0725 0.323 1.06 -0.0725 0.123 1.16 0.0725 0.123 1.16 0.0725 0.323 1.06 -0.0725 0.323 1.06 0.0725 0.493 0.85 -0.0725 0.493 0.85 -0.0725 0.323 1.06 0.0725 0.323 1.06 0.0725 0.493 0.85 -0.0725 0.493 0.85 0.0725 0.553 0.58 -0.0725 0.553 0.58 -0.0725 0.493 0.85 0.0725 0.493 0.85 0.0725 0.553 0.58 -0.0725 0.553 0.58 0.0725 0.493 0.31 -0.0725 0.493 0.31 -0.0725 0.553 0.58 0.0725 0.553 0.58 0.0725 0.493 0.31 -0.0725 0.493 0.31 0.0725 0.323 0.1 -0.0725 0.323 0.1 -0.0725 0.493 0.31 0.0725 0.493 0.31 0.0725 0.323 0.1 -0.0725 0.323 0.1 0.0725 0.123 0 -0.0725 0.123 0 -0.0725 0.323 0.1 0.0725 0.323 0.1 0.0725 0.123 0 -0.0725 0.123 0 0.0725 -0.012 0 -0.0725 -0.012 0 -0.0725 0.123 0 0.0725 0.123 0 0.0725 -0.012 0 -0.0725 -0.012 0 -0.0725 -0.012 1.16 -0.0725 0.123 1.16 0.0725 -0.012 0 0.0725 0.123 1.16 0.0725 -0.012 1.16 -0.0725 -0.012 0 -0.0725 0.123 1.16 -0.0725 0.323 1.06 0.0725 -0.012 0 0.0725 0.323 1.06 0.0725 0.123 1.16 -0.0725 -0.012 0 -0.0725 0.323 1.06 -0.0725 0.493 0.85 0.0725 -0.012 0 0.0725 0.493 0.85 0.0725 0.323 1.06 -0.0725 -0.012 0 -0.0725 0.493 0.85 -0.0725 0.553 0.58 0.0725 -0.012 0 0.0725 0.553 0.58 0.0725 0.493 0.85 -0.0725 -0.012 0 -0.0725 0.553 0.58 -0.0725 0.493 0.31 0.0725 -0.012 0 0.0725 0.493 0.31 0.0725 0.553 0.58 -0.0725 -0.012 0 -0.0725 0.493 0.31 -0.0725 0.323 0.1 0.0725 -0.012 0 0.0725 0.323 0.1 0.0725 0.493 0.31 -0.0725 -0.012 0 -0.0725 0.323 0.1 -0.0725 0.123 0 0.0725 -0.012 0 0.0725 0.123 0 0.0725 0.323 0.1 </float_array>
     <technique_common>
      <accessor source="#ID15-array" count="96" stride="3">
       <param name="X" type="float"/>
       <param name="Y" type="float"/>
       <param name="Z" type="float"/>
      </accessor>
     </technique_common>
    </source>
    <source id="geometrySource16">
     <float_array id="ID17-array" count="288">0 -1 0 0 -1 0 0 -1 0 0 -1 0 0 -1 0 0 -1 0 0 0 1 0 0 1 0 0 1 0 0 1 0 0 1 0 0 1 1.37876e-08 0.447214 0.894427 1.37876e-08 0.447214 0.894427 1.37876e-08 0.447214 0.894427 -0 0.447214 0.894427 -0 0.447214 0.894427 -0 0.447214 0.894427 -3.24064e-08 0.777245 0.629198 -3.24064e-08 0.777245 0.629198 -3.24064e-08 0.777245 0.629198 -0 0.777245 0.629198 -0 0.777245 0.629198 -0 0.777245 0.629198 -4.90448e-09 0.976187 0.21693 -4.90448e-09 0.976187 0.21693 -4.90448e-09 0.976187 0.21693 -0 0.976187 0.21693 -0 0.976187 0.21693 -0 0.976187 0.21693 8.62006e-09 0.976187 -0.21693 8.62006e-09 0.976187 -0.21693 8.62006e-09 0.976187 -0.21693 0 0.976187 -0.21693 0 0.976187 -0.21693 0 0.976187 -0.21693 4.00135e-08 0.777245 -0.629198 4.00135e-08 0.777245 -0.629198 4.00135e-08 0.777245 -0.629198 0 0.777245 -0.629198 0 0.777245 -0.629198 0 0.777245 -0.629198 2.06814e-08 0.447214 -0.894427 2.06814e-08 0.447214 -0.894427 2.06814e-08 0.447214 -0.894427 0 0.447214 -0.894427 0 0.447214 -0.894427 0 0.447214 -0.894427 0 0 -1 0 0 -1 0 0 -1 0 0 -1 0 0 -1 0 0 -1 -1 0 0 -1 0 0 -1 0 0 1 0 0 1 0 0 1 0 0 -1 0 0 -1 0 0 -1 0 0 1 0 0 1 0 0 1 0 0 -1 0 0 -1 0 0 -1 0 0 1 0 0 1 0 0 1 0 0 -1 0 0 -1 0 0 -1 0 0 1 0 0 1 0 0 1 0 0 -1 0 0 -1 0 0 -1 0 0 1 0 0 1 0 0 1 0 0 -1 0 0 -1 0 0 -1 0 0 1 0 0 1 0 0 1 0 0 -1 0 0 -1 0 0 -1 0 0 1 0 0 1 0 0 1 0 0 </float_array>
     <technique_common>
      <accessor source="#ID17-array" count="96" stride="3">
       <param name="X" type="float"/>
       <param name="Y" type="float"/>
       <param name="Z" type="float"/>
      </accessor>
     </technique_common>
    </source>
    <vertices id="geometrySource14-vertices">
     <input semantic="POSITION" source="#geometrySource14"/>
     <input semantic="NORMAL" source="#geometrySource16"/>
    </vertices>
    <triangles count="32" material="geometryElement18">
     <input semantic="VERTEX" offset="0" source="#geometrySource14-vertices"/>
     <input semantic="NORMAL" offset="0" source="#geometrySource16"/>
     <p>0 1 2 3 4 5 6 7 8 9 10 11 12 13 14 15 16 17 18 19 20 21 22 23 24 25 26 27 28 29 30 31 32 33 34 35 36 37 38 39 40 41 42 43 44 45 46 47 48 49 50 51 52 53 54 55 56 57 58 59 60 61 62 63 64 65 66 67 68 69 70 71 72 73 74 75 76 77 78 79 80 81 82 83 84 85 86 87 88 89 90 91 92 93 94 95 </p>
    </triangles>
   </mesh>
  </geometry>
  <geometry id="geometry19">
   <mesh>
    <source id="geometrySource20">
     <float_array id="ID21-array" count="648">-0.0975 -0.1325 0.0375 -0.0975 0.1325 0.0375 -0.0975 -0.159017 0.0265165 -0.0975 -0.1325 0.0375 -0.0975 0.1325 0.0375 -0.0975 0.159017 0.0265165 0.0975 -0.1325 0.0375 0.0975 0.1325 0.0375 0.0975 -0.159017 0.0265165 0.0975 -0.1325 0.0375 0.0975 0.1325 0.0375 0.0975 0.159017 0.0265165 -0.124017 -0.1325 0.0265165 -0.124017 0.1325 0.0265165 -0.119151 -0.154151 0.0216506 -0.124017 -0.1325 0.0265165 -0.124017 0.1325 0.0265165 -0.119151 0.154151 0.0216506 -0.0975 -0.1325 0.0375 -0.0975 0.1325 0.0375 -0.0975 -0.159017 0.0265165 -0.0975 -0.1325 0.0375 -0.0975 0.1325 0.0375 -0.0975 0.159017 0.0265165 0.0975 -0.1325 0.0375 0.0975 0.1325 0.0375 0.0975 -0.159017 0.0265165 0.0975 -0.1325 0.0375 0.0975 0.1325 0.0375 0.0975 0.159017 0.0265165 0.124017 -0.1325 0.0265165 0.124017 0.1325 0.0265165 0.119151 -0.154151 0.0216506 0.124017 -0.1325 0.0265165 0.124017 0.1325 0.0265165 0.119151 0.154151 0.0216506 0.135 -0.1325 1.54954e-09 0.135 0.1325 1.54954e-09 0.124017 -0.159017 2.02965e-09 0.135 -0.1325 1.54954e-09 0.135 0.1325 1.54954e-09 0.124017 0.159017 2.02965e-09 0.135 -0.1325 -1.33516e-08 0.135 0.1325 -1.33516e-08 0.124017 -0.159017 -1.28715e-08 0.135 -0.1325 -1.33516e-08 0.135 0.1325 -1.33516e-08 0.124017 0.159017 -1.28715e-08 0.124017 -0.1325 0.0265165 0.124017 0.1325 0.0265165 0.119151 -0.154151 0.0216506 0.124017 -0.1325 0.0265165 0.124017 0.1325 0.0265165 0.119151 0.154151 0.0216506 0.135 -0.1325 1.54954e-09 0.135 0.1325 1.54954e-09 0.124017 -0.159017 2.02965e-09 0.135 -0.1325 1.54954e-09 0.135 0.1325 1.54954e-09 0.124017 0.159017 2.02965e-09 0.135 -0.1325 -1.33516e-08 0.135 0.1325 -1.33516e-08 0.124017 -0.159017 -1.28715e-08 0.135 -0.1325 -1.33516e-08 0.135 0.1325 -1.33516e-08 0.124017 0.159017 -1.28715e-08 0.124017 -0.1325 -0.0265165 0.124017 0.1325 -0.0265165 0.119151 -0.154151 -0.0216507 0.124017 -0.1325 -0.0265165 0.124017 0.1325 -0.0265165 0.119151 0.154151 -0.0216507 0.0975 -0.1325 -0.0375 0.0975 0.1325 -0.0375 0.0975 -0.159017 -0.0265165 0.0975 -0.1325 -0.0375 0.0975 0.1325 -0.0375 0.0975 0.159017 -0.0265165 -0.0975 -0.1325 -0.0375 -0.0975 0.1325 -0.0375 -0.0975 -0.159017 -0.0265165 -0.0975 -0.1325 -0.0375 -0.0975 0.1325 -0.0375 -0.0975 0.159017 -0.0265165 0.124017 -0.1325 -0.0265165 0.124017 0.1325 -0.0265165 0.119151 -0.154151 -0.0216507 0.124017 -0.1325 -0.0265165 0.124017 0.1325 -0.0265165 0.119151 0.154151 -0.0216507 0.0975 -0.1325 -0.0375 0.0975 0.1325 -0.0375 0.0975 -0.159017 -0.0265165 0.0975 -0.1325 -0.0375 0.0975 0.1325 -0.0375 0.0975 0.159017 -0.0265165 -0.0975 -0.1325 -0.0375 -0.0975 0.1325 -0.0375 -0.0975 -0.159017 -0.0265165 -0.0975 -0.1325 -0.0375 -0.0975 0.1325 -0.0375 -0.0975 0.159017 -0.0265165 -0.124017 -0.1325 -0.0265165 -0.124017 0.1325 -0.0265165 -0.119151 -0.154151 -0.0216506 -0.124017 -0.1325 -0.0265165 -0.124017 0.1325 -0.0265165 -0.119151 0.154151 -0.0216506 -0.135 -0.1325 1.60986e-09 -0.135 0.1325 1.60986e-09 -0.124017 -0.159017 1.47888e-09 -0.135 -0.1325 1.60986e-09 -0.135 0.1325 1.60986e-09 -0.124017 0.159017 1.47888e-09 -0.135 -0.1325 1.60986e-09 -0.135 0.1325 1.60986e-09 -0.124017 -0.159017 1.47888e-09 -0.135 -0.1325 1.60986e-09 -0.135 0.1325 1.60986e-09 -0.124017 0.159017 1.47888e-09 -0.124017 -0.1325 -0.0265165 -0.124017 0.1325 -0.0265165 -0.119151 -0.154151 -0.0216506 -0.124017 -0.1325 -0.0265165 -0.124017 0.1325 -0.0265165 -0.119151 0.154151 -0.0216506 -0.135 -0.1325 1.60986e-09 -0.135 0.1325 1.60986e-09 -0.124017 -0.159017 1.47888e-09 -0.135 -0.1325 1.60986e-09 -0.135 0.1325 1.60986e-09 -0.124017 0.159017 1.47888e-09 -0.135 -0.1325 1.60986e-09 -0.135 0.1325 1.60986e-09 -0.124017 -0.159017 1.47888e-09 -0.135 -0.1325 1.60986e-09 -0.135 0.1325 1.60986e-09 -0.124017 0.159017 1.47888e-09 -0.124017 -0.1325 0.0265165 -0.124017 0.1325 0.0265165 -0.119151 -0.154151 0.0216506 -0.124017 -0.1325 0.0265165 -0.124017 0.1325 0.0265165 -0.119151 0.154151 0.0216506 -0.0975 0.17 1.96445e-11 -0.0975 0.17 -1.48815e-08 -0.0975 0.159017 0.0265165 -0.0975 0.17 1.96452e-11 -0.0975 0.17 -1.48815e-08 -0.0975 0.159017 -0.0265165 0.0975 0.17 1.96445e-11 0.0975 0.17 -1.48815e-08 0.0975 0.159017 0.0265165 0.0975 0.17 1.96452e-11 0.0975 0.17 -1.48815e-08 0.0975 0.159017 -0.0265165 -0.124017 0.159017 4.99748e-10 -0.124017 0.159017 -1.44014e-08 -0.119151 0.154151 0.0216506 -0.124017 0.159017 4.99748e-10 -0.124017 0.159017 -1.44014e-08 -0.119151 0.154151 -0.0216507 -0.0975 0.17 1.96452e-11 -0.0975 0.17 -1.48815e-08 -0.0975 0.159017 0.0265165 -0.0975 0.17 1.96452e-11 -0.0975 0.17 -1.48815e-08 -0.0975 0.159017 -0.0265165 0.0975 0.17 1.96452e-11 0.0975 0.17 -1.48815e-08 0.0975 0.159017 0.0265165 0.0975 0.17 1.96452e-11 0.0975 0.17 -1.48815e-08 0.0975 0.159017 -0.0265165 0.124017 0.159017 4.99748e-10 0.124017 0.159017 -1.44014e-08 0.119151 0.154151 0.0216506 0.124017 0.159017 4.99748e-10 0.124017 0.159017 -1.44014e-08 0.119151 0.154151 -0.0216507 -0.0975 -0.17 1.96445e-11 -0.0975 -0.17 -1.48815e-08 -0.0975 -0.159017 -0.0265165 -0.0975 -0.17 1.96452e-11 -0.0975 -0.17 -1.48815e-08 -0.0975 -0.159017 0.0265165 0.0975 -0.17 1.96445e-11 0.0975 -0.17 -1.48815e-08 0.0975 -0.159017 -0.0265165 0.0975 -0.17 1.96452e-11 0.0975 -0.17 -1.48815e-08 0.0975 -0.159017 0.0265165 -0.124017 -0.159017 4.99748e-10 -0.124017 -0.159017 -1.44014e-08 -0.119151 -0.154151 -0.0216506 -0.124017 -0.159017 4.99748e-10 -0.124017 -0.159017 -1.44014e-08 -0.119151 -0.154151 0.0216506 -0.0975 -0.17 1.96452e-11 -0.0975 -0.17 -1.48815e-08 -0.0975 -0.159017 -0.0265165 -0.0975 -0.17 1.96452e-11 -0.0975 -0.17 -1.48815e-08 -0.0975 -0.159017 0.0265165 0.0975 -0.17 1.96452e-11 0.0975 -0.17 -1.48815e-08 0.0975 -0.159017 -0.0265165 0.0975 -0.17 1.96452e-11 0.0975 -0.17 -1.48815e-08 0.0975 -0.159017 0.0265165 0.124017 -0.159017 4.99748e-10 0.124017 -0.159017 -1.44014e-08 0.119151 -0.154151 -0.0216506 0.124017 -0.159017 4.99748e-10 0.124017 -0.159017 -1.44014e-08 0.119151 -0.154151 0.0216506 </float_array>
     <technique_common>
      <accessor source="#ID21-array" count="216" stride="3">
       <param name="X" type="float"/>
       <param name="Y" type="float"/>
       <param name="Z" type="float"/>
      </accessor>
     </technique_common>
    </source>
    <source id="geometrySource22">
     <float_array id="ID23-array" count="648">0 0 1 0 0 1 0 -0.707107 0.707107 0 0 1 0 0 1 0 0.707107 0.707107 0 0 1 0 0 1 0 -0.707107 0.707107 0 0 1 0 0 1 0 0.707107 0.707107 -0.707107 0 0.707107 -0.707107 0 0.707107 -0.57735 -0.57735 0.57735 -0.707107 0 0.707107 -0.707107 0 0.707107 -0.57735 0.57735 0.57735 0 0 1 0 0 1 0 -0.707107 0.707107 0 0 1 0 0 1 0 0.707107 0.707107 0 0 1 0 0 1 0 -0.707107 0.707107 0 0 1 0 0 1 0 0.707107 0.707107 0.707107 0 0.707107 0.707107 0 0.707107 0.57735 -0.57735 0.57735 0.707107 0 0.707107 0.707107 0 0.707107 0.57735 0.57735 0.57735 1 0 -4.37114e-08 1 0 -4.37114e-08 0.707107 -0.707107 -3.09086e-08 1 0 -4.37114e-08 1 0 -4.37114e-08 0.707107 0.707107 -3.09086e-08 1 0 -4.37114e-08 1 0 -4.37114e-08 0.707107 -0.707107 -3.09086e-08 1 0 -4.37114e-08 1 0 -4.37114e-08 0.707107 0.707107 -3.09086e-08 0.707107 0 0.707107 0.707107 0 0.707107 0.57735 -0.57735 0.57735 0.707107 0 0.707107 0.707107 0 0.707107 0.57735 0.57735 0.57735 1 0 -4.37114e-08 1 0 -4.37114e-08 0.707107 -0.707107 -3.09086e-08 1 0 -4.37114e-08 1 0 -4.37114e-08 0.707107 0.707107 -3.09086e-08 1 0 -4.37114e-08 1 0 -4.37114e-08 0.707107 -0.707107 -3.09086e-08 1 0 -4.37114e-08 1 0 -4.37114e-08 0.707107 0.707107 -3.09086e-08 0.707107 0 -0.707107 0.707107 0 -0.707107 0.57735 -0.57735 -0.57735 0.707107 0 -0.707107 0.707107 0 -0.707107 0.57735 0.57735 -0.57735 -8.74228e-08 0 -1 -8.74228e-08 0 -1 -6.18172e-08 -0.707107 -0.707107 -8.74228e-08 0 -1 -8.74228e-08 0 -1 -6.18172e-08 0.707107 -0.707107 -8.74228e-08 0 -1 -8.74228e-08 0 -1 -6.18172e-08 -0.707107 -0.707107 -8.74228e-08 0 -1 -8.74228e-08 0 -1 -6.18172e-08 0.707107 -0.707107 0.707107 0 -0.707107 0.707107 0 -0.707107 0.57735 -0.57735 -0.57735 0.707107 0 -0.707107 0.707107 0 -0.707107 0.57735 0.57735 -0.57735 -8.74228e-08 0 -1 -8.74228e-08 0 -1 -6.18172e-08 -0.707107 -0.707107 -8.74228e-08 0 -1 -8.74228e-08 0 -1 -6.18172e-08 0.707107 -0.707107 -8.74228e-08 0 -1 -8.74228e-08 0 -1 -6.18172e-08 -0.707107 -0.707107 -8.74228e-08 0 -1 -8.74228e-08 0 -1 -6.18172e-08 0.707107 -0.707107 -0.707107 0 -0.707107 -0.707107 0 -0.707107 -0.57735 -0.57735 -0.57735 -0.707107 0 -0.707107 -0.707107 0 -0.707107 -0.57735 0.57735 -0.57735 -1 0 1.19249e-08 -1 0 1.19249e-08 -0.707107 -0.707107 8.43216e-09 -1 0 1.19249e-08 -1 0 1.19249e-08 -0.707107 0.707107 8.43216e-09 -1 0 1.19249e-08 -1 0 1.19249e-08 -0.707107 -0.707107 8.43216e-09 -1 0 1.19249e-08 -1 0 1.19249e-08 -0.707107 0.707107 8.43216e-09 -0.707107 0 -0.707107 -0.707107 0 -0.707107 -0.57735 -0.57735 -0.57735 -0.707107 0 -0.707107 -0.707107 0 -0.707107 -0.57735 0.57735 -0.57735 -1 0 1.19249e-08 -1 0 1.19249e-08 -0.707107 -0.707107 8.43216e-09 -1 0 1.19249e-08 -1 0 1.19249e-08 -0.707107 0.707107 8.43216e-09 -1 0 1.19249e-08 -1 0 1.19249e-08 -0.707107 -0.707107 8.43216e-09 -1 0 1.19249e-08 -1 0 1.19249e-08 -0.707107 0.707107 8.43216e-09 -0.707107 0 0.707107 -0.707107 0 0.707107 -0.57735 -0.57735 0.57735 -0.707107 0 0.707107 -0.707107 0 0.707107 -0.57735 0.57735 0.57735 0 1 -4.37114e-08 0 1 -4.37114e-08 0 0.707107 0.707107 0 1 -4.37114e-08 0 1 -4.37114e-08 0 0.707107 -0.707107 0 1 -4.37114e-08 0 1 -4.37114e-08 0 0.707107 0.707107 0 1 -4.37114e-08 0 1 -4.37114e-08 0 0.707107 -0.707107 -0.707107 0.707107 -3.09086e-08 -0.707107 0.707107 -3.09086e-08 -0.57735 0.57735 0.57735 -0.707107 0.707107 -3.09086e-08 -0.707107 0.707107 -3.09086e-08 -0.57735 0.57735 -0.57735 0 1 -4.37114e-08 0 1 -4.37114e-08 0 0.707107 0.707107 0 1 -4.37114e-08 0 1 -4.37114e-08 0 0.707107 -0.707107 0 1 -4.37114e-08 0 1 -4.37114e-08 0 0.707107 0.707107 0 1 -4.37114e-08 0 1 -4.37114e-08 0 0.707107 -0.707107 0.707107 0.707107 -3.09086e-08 0.707107 0.707107 -3.09086e-08 0.57735 0.57735 0.57735 0.707107 0.707107 -3.09086e-08 0.707107 0.707107 -3.09086e-08 0.57735 0.57735 -0.57735 0 -1 -4.37114e-08 0 -1 -4.37114e-08 0 -0.707107 -0.707107 0 -1 -4.37114e-08 0 -1 -4.37114e-08 0 -0.707107 0.707107 0 -1 -4.37114e-08 0 -1 -4.37114e-08 0 -0.707107 -0.707107 0 -1 -4.37114e-08 0 -1 -4.37114e-08 0 -0.707107 0.707107 -0.707107 -0.707107 -3.09086e-08 -0.707107 -0.707107 -3.09086e-08 -0.57735 -0.57735 -0.57735 -0.707107 -0.707107 -3.09086e-08 -0.707107 -0.707107 -3.09086e-08 -0.57735 -0.57735 0.57735 0 -1 -4.37114e-08 0 -1 -4.37114e-08 0 -0.707107 -0.707107 0 -1 -4.37114e-08 0 -1 -4.37114e-08 0 -0.707107 0.707107 0 -1 -4.37114e-08 0 -1 -4.37114e-08 0 -0.707107 -0.707107 0 -1 -4.37114e-08 0 -1 -4.37114e-08 0 -0.707107 0.707107 0.707107 -0.707107 -3.09086e-08 0.707107 -0.707107 -3.09086e-08 0.57735 -0.57735 -0.57735 0.707107 -0.707107 -3.09086e-08 0.707107 -0.707107 -3.09086e-08 0.57735 -0.57735 0.57735 </float_array>
     <technique_common>
      <accessor source="#ID23-array" count="216" stride="3">
       <param name="X" type="float"/>
       <param name="Y" type="float"/>
       <param name="Z" type="float"/>
      </accessor>
     </technique_common>
    </source>
    <source id="geometrySource24">
     <float_array id="ID25-array" count="432">0.138889 0.110294 0.138889 0.889706 0.138889 0 0.138889 0.110294 0.138889 0.889706 0.138889 1 0.861111 0.110294 0.861111 0.889706 0.861111 0 0.861111 0.110294 0.861111 0.889706 0.861111 1 0 0.110294 0 0.889706 0 0 0 0.110294 0 0.889706 0 1 0.138889 0.110294 0.138889 0.889706 0.138889 0 0.138889 0.110294 0.138889 0.889706 0.138889 1 0.861111 0.110294 0.861111 0.889706 0.861111 0 0.861111 0.110294 0.861111 0.889706 0.861111 1 1 0.110294 1 0.889706 1 0 1 0.110294 1 0.889706 1 1 0.5 0.110294 0.5 0.889706 0.5 0 0.5 0.110294 0.5 0.889706 0.5 1 0.5 0.110294 0.5 0.889706 0.5 0 0.5 0.110294 0.5 0.889706 0.5 1 0 0.110294 0 0.889706 0 0 0 0.110294 0 0.889706 0 1 0.5 0.110294 0.5 0.889706 0.5 0 0.5 0.110294 0.5 0.889706 0.5 1 0.5 0.110294 0.5 0.889706 0.5 0 0.5 0.110294 0.5 0.889706 0.5 1 1 0.110294 1 0.889706 1 0 1 0.110294 1 0.889706 1 1 0.138889 0.110294 0.138889 0.889706 0.138889 0 0.138889 0.110294 0.138889 0.889706 0.138889 1 0.861111 0.110294 0.861111 0.889706 0.861111 0 0.861111 0.110294 0.861111 0.889706 0.861111 1 0 0.110294 0 0.889706 0 0 0 0.110294 0 0.889706 0 1 0.138889 0.110294 0.138889 0.889706 0.138889 0 0.138889 0.110294 0.138889 0.889706 0.138889 1 0.861111 0.110294 0.861111 0.889706 0.861111 0 0.861111 0.110294 0.861111 0.889706 0.861111 1 1 0.110294 1 0.889706 1 0 1 0.110294 1 0.889706 1 1 0.5 0.110294 0.5 0.889706 0.5 0 0.5 0.110294 0.5 0.889706 0.5 1 0.5 0.110294 0.5 0.889706 0.5 0 0.5 0.110294 0.5 0.889706 0.5 1 0 0.110294 0 0.889706 0 0 0 0.110294 0 0.889706 0 1 0.5 0.110294 0.5 0.889706 0.5 0 0.5 0.110294 0.5 0.889706 0.5 1 0.5 0.110294 0.5 0.889706 0.5 0 0.5 0.110294 0.5 0.889706 0.5 1 1 0.110294 1 0.889706 1 0 1 0.110294 1 0.889706 1 1 0.138889 0.5 0.138889 0.5 0.138889 0 0.138889 0.5 0.138889 0.5 0.138889 1 0.861111 0.5 0.861111 0.5 0.861111 0 0.861111 0.5 0.861111 0.5 0.861111 1 0 0.5 0 0.5 0 0 0 0.5 0 0.5 0 1 0.138889 0.5 0.138889 0.5 0.138889 0 0.138889 0.5 0.138889 0.5 0.138889 1 0.861111 0.5 0.861111 0.5 0.861111 0 0.861111 0.5 0.861111 0.5 0.861111 1 1 0.5 1 0.5 1 0 1 0.5 1 0.5 1 1 0.138889 0.5 0.138889 0.5 0.138889 0 0.138889 0.5 0.138889 0.5 0.138889 1 0.861111 0.5 0.861111 0.5 0.861111 0 0.861111 0.5 0.861111 0.5 0.861111 1 0 0.5 0 0.5 0 0 0 0.5 0 0.5 0 1 0.138889 0.5 0.138889 0.5 0.138889 0 0.138889 0.5 0.138889 0.5 0.138889 1 0.861111 0.5 0.861111 0.5 0.861111 0 0.861111 0.5 0.861111 0.5 0.861111 1 1 0.5 1 0.5 1 0 1 0.5 1 0.5 1 1 </float_array>
     <technique_common>
      <accessor source="#ID25-array" count="216" stride="2">
       <param name="S" type="float"/>
       <param name="T" type="float"/>
      </accessor>
     </technique_common>
    </source>
    <vertices id="geometrySource20-vertices">
     <input semantic="POSITION" source="#geometrySource20"/>
     <input semantic="NORMAL" source="#geometrySource22"/>
    </vertices>
    <triangles count="108" material="geometryElement26">
     <input semantic="VERTEX" offset="0" source="#geometrySource20-vertices"/>
     <input semantic="NORMAL" offset="0" source="#geometrySource22"/>
     <input semantic="TEXCOORD" offset="0" source="#geometrySource24" set="1"/>
     <p>0 7 1 0 6 7 2 9 3 2 8 9 4 11 5 4 10 11 12 19 13 12 18 19 14 21 15 14 20 21 16 23 17 16 22 23 24 31 25 24 30 31 26 33 27 26 32 33 28 35 29 28 34 35 36 43 37 36 42 43 38 45 39 38 44 45 40 47 41 40 46 47 48 55 49 48 54 55 50 57 51 50 56 57 52 59 53 52 58 59 60 67 61 60 66 67 62 69 63 62 68 69 64 71 65 64 70 71 72 79 73 72 78 79 74 81 75 74 80 81 76 83 77 76 82 83 84 91 85 84 90 91 86 93 87 86 92 93 88 95 89 88 94 95 96 103 97 96 102 103 98 105 99 98 104 105 100 107 101 100 106 107 108 115 109 108 114 115 110 117 111 110 116 117 112 119 113 112 118 119 120 127 121 120 126 127 122 129 123 122 128 129 124 131 125 124 130 131 132 139 133 132 138 139 134 141 135 134 140 141 136 143 137 136 142 143 144 151 145 144 150 151 146 153 147 146 152 153 148 155 149 148 154 155 156 163 157 156 162 163 158 165 159 158 164 165 160 167 161 160 166 167 168 175 169 168 174 175 170 177 171 170 176 177 172 179 173 172 178 179 180 187 181 180 186 187 182 189 183 182 188 189 184 191 185 184 190 191 192 199 193 192 198 199 194 201 195 194 200 201 196 203 197 196 202 203 204 211 205 204 210 211 206 213 207 206 212 213 208 215 209 208 214 215 </p>
    </triangles>
   </mesh>
  </geometry>
  <geometry id="geometry27">
   <mesh>
    <source id="geometrySource28">
     <float_array id="ID29-array" count="234">4.65366e-18 -0.003 -0.038 4.65366e-18 0.003 -0.038 -0.019 -0.003 -0.032909 -0.019 0.003 -0.032909 -0.032909 -0.003 -0.019 -0.032909 0.003 -0.019 -0.038 -0.003 -6.98049e-18 -0.038 0.003 -6.98049e-18 -0.032909 -0.003 0.019 -0.032909 0.003 0.019 -0.019 -0.003 0.032909 -0.019 0.003 0.032909 -9.30732e-18 -0.003 0.038 -9.30732e-18 0.003 0.038 0.019 -0.003 0.032909 0.019 0.003 0.032909 0.032909 -0.003 0.019 0.032909 0.003 0.019 0.038 -0.003 1.16341e-17 0.038 0.003 1.16341e-17 0.032909 -0.003 -0.019 0.032909 0.003 -0.019 0.019 -0.003 -0.032909 0.019 0.003 -0.032909 1.3961e-17 -0.003 -0.038 1.3961e-17 0.003 -0.038 4.65366e-18 0.003 -0.038 0 0.003 -0 -0.019 0.003 -0.032909 -0 0.003 -0 -0.032909 0.003 -0.019 -0 0.003 -0 -0.038 0.003 -6.98049e-18 -0 0.003 -0 -0.032909 0.003 0.019 -0 0.003 0 -0.019 0.003 0.032909 -0 0.003 0 -9.30732e-18 0.003 0.038 -0 0.003 0 0.019 0.003 0.032909 0 0.003 0 0.032909 0.003 0.019 0 0.003 0 0.038 0.003 1.16341e-17 0 0.003 0 0.032909 0.003 -0.019 0 0.003 -0 0.019 0.003 -0.032909 0 0.003 -0 1.3961e-17 0.003 -0.038 0 0.003 -0 -6.64413e-09 -0.003 -0.038 0 -0.003 0 0.019 -0.003 -0.032909 0 -0.003 0 0.032909 -0.003 -0.019 0 -0.003 0 0.038 -0.003 -6.64413e-09 0 -0.003 0 0.032909 -0.003 0.019 0 -0.003 0 0.019 -0.003 0.032909 0 -0.003 0 6.64413e-09 -0.003 0.038 0 -0.003 0 -0.019 -0.003 0.032909 0 -0.003 0 -0.032909 -0.003 0.019 0 -0.003 0 -0.038 -0.003 6.64413e-09 0 -0.003 0 -0.032909 -0.003 -0.019 0 -0.003 0 -0.019 -0.003 -0.032909 0 -0.003 0 -6.64413e-09 -0.003 -0.038 0 -0.003 0 </float_array>
     <technique_common>
      <accessor source="#ID29-array" count="78" stride="3">
       <param name="X" type="float"/>
       <param name="Y" type="float"/>
       <param name="Z" type="float"/>
      </accessor>
     </technique_common>
    </source>
    <source id="geometrySource30">
     <float_array id="ID31-array" count="234">1.22465e-16 0 -1 1.22465e-16 0 -1 -0.5 0 -0.866025 -0.5 0 -0.866025 -0.866025 0 -0.5 -0.866025 0 -0.5 -1 0 -1.83697e-16 -1 0 -1.83697e-16 -0.866025 0 0.5 -0.866025 0 0.5 -0.5 0 0.866025 -0.5 0 0.866025 -2.44929e-16 0 1 -2.44929e-16 0 1 0.5 0 0.866025 0.5 0 0.866025 0.866025 0 0.5 0.866025 0 0.5 1 0 3.06162e-16 1 0 3.06162e-16 0.866025 0 -0.5 0.866025 0 -0.5 0.5 0 -0.866025 0.5 0 -0.866025 3.67394e-16 0 -1 3.67394e-16 0 -1 0 1 0 0 1 0 0 1 0 0 1 0 0 1 0 0 1 0 0 1 0 0 1 0 0 1 0 0 1 0 0 1 0 0 1 0 0 1 0 0 1 0 0 1 0 0 1 0 0 1 0 0 1 0 0 1 0 0 1 0 0 1 0 0 1 0 0 1 0 0 1 0 0 1 0 0 1 0 0 -1 0 0 -1 0 0 -1 0 0 -1 0 0 -1 0 0 -1 0 0 -1 0 0 -1 0 0 -1 0 0 -1 0 0 -1 0 0 -1 0 0 -1 0 0 -1 0 0 -1 0 0 -1 0 0 -1 0 0 -1 0 0 -1 0 0 -1 0 0 -1 0 0 -1 0 0 -1 0 0 -1 0 0 -1 0 0 -1 0 </float_array>
     <technique_common>
      <accessor source="#ID31-array" count="78" stride="3">
       <param name="X" type="float"/>
       <param name="Y" type="float"/>
       <param name="Z" type="float"/>
      </accessor>
     </technique_common>
    </source>
    <source id="geometrySource32">
     <float_array id="ID33-array" count="156">0 0 0 1 0.0833333 0 0.0833333 1 0.166667 0 0.166667 1 0.25 0 0.25 1 0.333333 0 0.333333 1 0.416667 0 0.416667 1 0.5 0 0.5 1 0.583333 0 0.583333 1 0.666667 0 0.666667 1 0.75 0 0.75 1 0.833333 0 0.833333 1 0.916667 0 0.916667 1 1 0 1 1 1 0.5 0.5 0.5 0.933013 0.25 0.5 0.5 0.75 0.0669873 0.5 0.5 0.5 0 0.5 0.5 0.25 0.0669873 0.5 0.5 0.0669873 0.25 0.5 0.5 0 0.5 0.5 0.5 0.0669873 0.75 0.5 0.5 0.25 0.933013 0.5 0.5 0.5 1 0.5 0.5 0.75 0.933013 0.5 0.5 0.933013 0.75 0.5 0.5 1 0.5 0.5 0.5 1 0.5 0.5 0.5 0.933013 0.25 0.5 0.5 0.75 0.0669873 0.5 0.5 0.5 0 0.5 0.5 0.25 0.0669873 0.5 0.5 0.0669873 0.25 0.5 0.5 0 0.5 0.5 0.5 0.0669873 0.75 0.5 0.5 0.25 0.933013 0.5 0.5 0.5 1 0.5 0.5 0.75 0.933013 0.5 0.5 0.933013 0.75 0.5 0.5 1 0.5 0.5 0.5 </float_array>
     <technique_common>
      <accessor source="#ID33-array" count="78" stride="2">
       <param name="S" type="float"/>
       <param name="T" type="float"/>
      </accessor>
     </technique_common>
    </source>
    <vertices id="geometrySource28-vertices">
     <input semantic="POSITION" source="#geometrySource28"/>
     <input semantic="NORMAL" source="#geometrySource30"/>
    </vertices>
    <triangles count="24" material="geometryElement34">
     <input semantic="VERTEX" offset="0" source="#geometrySource28-vertices"/>
     <input semantic="NORMAL" offset="0" source="#geometrySource30"/>
     <input semantic="TEXCOORD" offset="0" source="#geometrySource32" set="1"/>
     <p>0 3 1 0 2 3 2 5 3 2 4 5 4 7 5 4 6 7 6 9 7 6 8 9 8 11 9 8 10 11 10 13 11 10 12 13 12 15 13 12 14 15 14 17 15 14 16 17 16 19 17 16 18 19 18 21 19 18 20 21 20 23 21 20 22 23 22 25 23 22 24 25 </p>
    </triangles>
    <triangles count="12" material="geometryElement35">
     <input semantic="VERTEX" offset="0" source="#geometrySource28-vertices"/>
     <input semantic="NORMAL" offset="0" source="#geometrySource30"/>
     <input semantic="TEXCOORD" offset="0" source="#geometrySource32" set="1"/>
     <p>26 28 29 28 30 31 30 32 33 32 34 35 34 36 37 36 38 39 38 40 41 40 42 43 42 44 45 44 46 47 46 48 49 48 50 51 </p>
    </triangles>
    <triangles count="12" material="geometryElement36">
     <input semantic="VERTEX" offset="0" source="#geometrySource28-vertices"/>
     <input semantic="NORMAL" offset="0" source="#geometrySource30"/>
     <input semantic="TEXCOORD" offset="0" source="#geometrySource32" set="1"/>
     <p>52 54 55 54 56 57 56 58 59 58 60 61 60 62 63 62 64 65 64 66 67 66 68 69 68 70 71 70 72 73 72 74 75 74 76 77 </p>
    </triangles>
   </mesh>
  </geometry>
  <geometry id="geometry37">
   <mesh>
    <source id="geometrySource38">
     <float_array id="ID39-array" count="648">-0.013 -0.029 0.004 -0.013 0.029 0.004 -0.013 -0.0318284 0.00282843 -0.013 -0.029 0.004 -0.013 0.029 0.004 -0.013 0.0318284 0.00282843 0.013 -0.029 0.004 0.013 0.029 0.004 0.013 -0.0318284 0.00282843 0.013 -0.029 0.004 0.013 0.029 0.004 0.013 0.0318284 0.00282843 -0.0158284 -0.029 0.00282843 -0.0158284 0.029 0.00282843 -0.0153094 -0.0313094 0.0023094 -0.0158284 -0.029 0.00282843 -0.0158284 0.029 0.00282843 -0.0153094 0.0313094 0.0023094 -0.013 -0.029 0.004 -0.013 0.029 0.004 -0.013 -0.0318284 0.00282843 -0.013 -0.029 0.004 -0.013 0.029 0.004 -0.013 0.0318284 0.00282843 0.013 -0.029 0.004 0.013 0.029 0.004 0.013 -0.0318284 0.00282843 0.013 -0.029 0.004 0.013 0.029 0.004 0.013 0.0318284 0.00282843 0.0158284 -0.029 0.00282843 0.0158284 0.029 0.00282843 0.0153094 -0.0313094 0.0023094 0.0158284 -0.029 0.00282843 0.0158284 0.029 0.00282843 0.0153094 0.0313094 0.0023094 0.017 -0.029 1.88229e-10 0.017 0.029 1.88229e-10 0.0158284 -0.0318284 2.3944e-10 0.017 -0.029 1.88229e-10 0.017 0.029 1.88229e-10 0.0158284 0.0318284 2.3944e-10 0.017 -0.029 -1.67442e-09 0.017 0.029 -1.67442e-09 0.0158284 -0.0318284 -1.62321e-09 0.017 -0.029 -1.67442e-09 0.017 0.029 -1.67442e-09 0.0158284 0.0318284 -1.62321e-09 0.0158284 -0.029 0.00282843 0.0158284 0.029 0.00282843 0.0153094 -0.0313094 0.0023094 0.0158284 -0.029 0.00282843 0.0158284 0.029 0.00282843 0.0153094 0.0313094 0.0023094 0.017 -0.029 1.88229e-10 0.017 0.029 1.88229e-10 0.0158284 -0.0318284 2.3944e-10 0.017 -0.029 1.88229e-10 0.017 0.029 1.88229e-10 0.0158284 0.0318284 2.3944e-10 0.017 -0.029 -1.67442e-09 0.017 0.029 -1.67442e-09 0.0158284 -0.0318284 -1.62321e-09 0.017 -0.029 -1.67442e-09 0.017 0.029 -1.67442e-09 0.0158284 0.0318284 -1.62321e-09 0.0158284 -0.029 -0.00282843 0.0158284 0.029 -0.00282843 0.0153094 -0.0313094 -0.0023094 0.0158284 -0.029 -0.00282843 0.0158284 0.029 -0.00282843 0.0153094 0.0313094 -0.0023094 0.013 -0.029 -0.004 0.013 0.029 -0.004 0.013 -0.0318284 -0.00282843 0.013 -0.029 -0.004 0.013 0.029 -0.004 0.013 0.0318284 -0.00282843 -0.013 -0.029 -0.004 -0.013 0.029 -0.004 -0.013 -0.0318284 -0.00282843 -0.013 -0.029 -0.004 -0.013 0.029 -0.004 -0.013 0.0318284 -0.00282843 0.0158284 -0.029 -0.00282843 0.0158284 0.029 -0.00282843 0.0153094 -0.0313094 -0.0023094 0.0158284 -0.029 -0.00282843 0.0158284 0.029 -0.00282843 0.0153094 0.0313094 -0.0023094 0.013 -0.029 -0.004 0.013 0.029 -0.004 0.013 -0.0318284 -0.00282843 0.013 -0.029 -0.004 0.013 0.029 -0.004 0.013 0.0318284 -0.00282843 -0.013 -0.029 -0.004 -0.013 0.029 -0.004 -0.013 -0.0318284 -0.00282843 -0.013 -0.029 -0.004 -0.013 0.029 -0.004 -0.013 0.0318284 -0.00282843 -0.0158284 -0.029 -0.00282843 -0.0158284 0.029 -0.00282843 -0.0153094 -0.0313094 -0.0023094 -0.0158284 -0.029 -0.00282843 -0.0158284 0.029 -0.00282843 -0.0153094 0.0313094 -0.0023094 -0.017 -0.029 2.02723e-10 -0.017 0.029 2.02723e-10 -0.0158284 -0.0318284 1.88752e-10 -0.017 -0.029 2.02723e-10 -0.017 0.029 2.02723e-10 -0.0158284 0.0318284 1.88752e-10 -0.017 -0.029 2.02723e-10 -0.017 0.029 2.02723e-10 -0.0158284 -0.0318284 1.88752e-10 -0.017 -0.029 2.02723e-10 -0.017 0.029 2.02723e-10 -0.0158284 0.0318284 1.88752e-10 -0.0158284 -0.029 -0.00282843 -0.0158284 0.029 -0.00282843 -0.0153094 -0.0313094 -0.0023094 -0.0158284 -0.029 -0.00282843 -0.0158284 0.029 -0.00282843 -0.0153094 0.0313094 -0.0023094 -0.017 -0.029 2.02723e-10 -0.017 0.029 2.02723e-10 -0.0158284 -0.0318284 1.88752e-10 -0.017 -0.029 2.02723e-10 -0.017 0.029 2.02723e-10 -0.0158284 0.0318284 1.88752e-10 -0.017 -0.029 2.02723e-10 -0.017 0.029 2.02723e-10 -0.0158284 -0.0318284 1.88752e-10 -0.017 -0.029 2.02723e-10 -0.017 0.029 2.02723e-10 -0.0158284 0.0318284 1.88752e-10 -0.0158284 -0.029 0.00282843 -0.0158284 0.029 0.00282843 -0.0153094 -0.0313094 0.0023094 -0.0158284 -0.029 0.00282843 -0.0158284 0.029 0.00282843 -0.0153094 0.0313094 0.0023094 -0.013 0.033 -4.54919e-11 -0.013 0.033 -2.83946e-09 -0.013 0.0318284 0.00282843 -0.013 0.033 -4.54919e-11 -0.013 0.033 -2.83946e-09 -0.013 0.0318284 -0.00282843 0.013 0.033 -4.54919e-11 0.013 0.033 -2.83946e-09 0.013 0.0318284 0.00282843 0.013 0.033 -4.54919e-11 0.013 0.033 -2.83946e-09 0.013 0.0318284 -0.00282843 -0.0158284 0.0318284 5.71918e-12 -0.0158284 0.0318284 -2.78825e-09 -0.0153094 0.0313094 0.0023094 -0.0158284 0.0318284 5.71918e-12 -0.0158284 0.0318284 -2.78825e-09 -0.0153094 0.0313094 -0.0023094 -0.013 0.033 -4.54919e-11 -0.013 0.033 -2.83946e-09 -0.013 0.0318284 0.00282843 -0.013 0.033 -4.54919e-11 -0.013 0.033 -2.83946e-09 -0.013 0.0318284 -0.00282843 0.013 0.033 -4.54919e-11 0.013 0.033 -2.83946e-09 0.013 0.0318284 0.00282843 0.013 0.033 -4.54919e-11 0.013 0.033 -2.83946e-09 0.013 0.0318284 -0.00282843 0.0158284 0.0318284 5.71918e-12 0.0158284 0.0318284 -2.78825e-09 0.0153094 0.0313094 0.0023094 0.0158284 0.0318284 5.71918e-12 0.0158284 0.0318284 -2.78825e-09 0.0153094 0.0313094 -0.0023094 -0.013 -0.033 -4.54919e-11 -0.013 -0.033 -2.83946e-09 -0.013 -0.0318284 -0.00282843 -0.013 -0.033 -4.54919e-11 -0.013 -0.033 -2.83946e-09 -0.013 -0.0318284 0.00282842 0.013 -0.033 -4.54919e-11 0.013 -0.033 -2.83946e-09 0.013 -0.0318284 -0.00282843 0.013 -0.033 -4.54919e-11 0.013 -0.033 -2.83946e-09 0.013 -0.0318284 0.00282842 -0.0158284 -0.0318284 5.71918e-12 -0.0158284 -0.0318284 -2.78825e-09 -0.0153094 -0.0313094 -0.0023094 -0.0158284 -0.0318284 5.71918e-12 -0.0158284 -0.0318284 -2.78825e-09 -0.0153094 -0.0313094 0.0023094 -0.013 -0.033 -4.54919e-11 -0.013 -0.033 -2.83946e-09 -0.013 -0.0318284 -0.00282843 -0.013 -0.033 -4.54919e-11 -0.013 -0.033 -2.83946e-09 -0.013 -0.0318284 0.00282842 0.013 -0.033 -4.54919e-11 0.013 -0.033 -2.83946e-09 0.013 -0.0318284 -0.00282843 0.013 -0.033 -4.54919e-11 0.013 -0.033 -2.83946e-09 0.013 -0.0318284 0.00282842 0.0158284 -0.0318284 5.71918e-12 0.0158284 -0.0318284 -2.78825e-09 0.0153094 -0.0313094 -0.0023094 0.0158284 -0.0318284 5.71918e-12 0.0158284 -0.0318284 -2.78825e-09 0.0153094 -0.0313094 0.0023094 </float_array>
     <technique_common>
      <accessor source="#ID39-array" count="216" stride="3">
       <param name="X" type="float"/>
       <param name="Y" type="float"/>
       <param name="Z" type="float"/>
      </accessor>
     </technique_common>
    </source>
    <source id="geometrySource40">
     <float_array id="ID41-array" count="648">0 0 1 0 0 1 0 -0.707107 0.707107 0 0 1 0 0 1 0 0.707107 0.707107 0 0 1 0 0 1 0 -0.707107 0.707107 0 0 1 0 0 1 0 0.707107 0.707107 -0.707107 0 0.707107 -0.707107 0 0.707107 -0.57735 -0.57735 0.57735 -0.707107 0 0.707107 -0.707107 0 0.707107 -0.57735 0.57735 0.57735 0 0 1 0 0 1 0 -0.707107 0.707107 0 0 1 0 0 1 0 0.707107 0.707107 0 0 1 0 0 1 0 -0.707107 0.707107 0 0 1 0 0 1 0 0.707107 0.707107 0.707107 0 0.707107 0.707107 0 0.707107 0.57735 -0.57735 0.57735 0.707107 0 0.707107 0.707107 0 0.707107 0.57735 0.57735 0.57735 1 0 -4.37114e-08 1 0 -4.37114e-08 0.707107 -0.707107 -3.09086e-08 1 0 -4.37114e-08 1 0 -4.37114e-08 0.707107 0.707107 -3.09086e-08 1 0 -4.37114e-08 1 0 -4.37114e-08 0.707107 -0.707107 -3.09086e-08 1 0 -4.37114e-08 1 0 -4.37114e-08 0.707107 0.707107 -3.09086e-08 0.707107 0 0.707107 0.707107 0 0.707107 0.57735 -0.57735 0.57735 0.707107 0 0.707107 0.707107 0 0.707107 0.57735 0.57735 0.57735 1 0 -4.37114e-08 1 0 -4.37114e-08 0.707107 -0.707107 -3.09086e-08 1 0 -4.37114e-08 1 0 -4.37114e-08 0.707107 0.707107 -3.09086e-08 1 0 -4.37114e-08 1 0 -4.37114e-08 0.707107 -0.707107 -3.09086e-08 1 0 -4.37114e-08 1 0 -4.37114e-08 0.707107 0.707107 -3.09086e-08 0.707107 0 -0.707107 0.707107 0 -0.707107 0.57735 -0.57735 -0.57735 0.707107 0 -0.707107 0.707107 0 -0.707107 0.57735 0.57735 -0.57735 -8.74228e-08 0 -1 -8.74228e-08 0 -1 -6.18172e-08 -0.707107 -0.707107 -8.74228e-08 0 -1 -8.74228e-08 0 -1 -6.18172e-08 0.707107 -0.707107 -8.74228e-08 0 -1 -8.74228e-08 0 -1 -6.18172e-08 -0.707107 -0.707107 -8.74228e-08 0 -1 -8.74228e-08 0 -1 -6.18172e-08 0.707107 -0.707107 0.707107 0 -0.707107 0.707107 0 -0.707107 0.57735 -0.57735 -0.57735 0.707107 0 -0.707107 0.707107 0 -0.707107 0.57735 0.57735 -0.57735 -8.74228e-08 0 -1 -8.74228e-08 0 -1 -6.18172e-08 -0.707107 -0.707107 -8.74228e-08 0 -1 -8.74228e-08 0 -1 -6.18172e-08 0.707107 -0.707107 -8.74228e-08 0 -1 -8.74228e-08 0 -1 -6.18172e-08 -0.707107 -0.707107 -8.74228e-08 0 -1 -8.74228e-08 0 -1 -6.18172e-08 0.707107 -0.707107 -0.707107 0 -0.707107 -0.707107 0 -0.707107 -0.57735 -0.57735 -0.57735 -0.707107 0 -0.707107 -0.707107 0 -0.707107 -0.57735 0.57735 -0.57735 -1 0 1.19249e-08 -1 0 1.19249e-08 -0.707107 -0.707107 8.43216e-09 -1 0 1.19249e-08 -1 0 1.19249e-08 -0.707107 0.707107 8.43216e-09 -1 0 1.19249e-08 -1 0 1.19249e-08 -0.707107 -0.707107 8.43216e-09 -1 0 1.19249e-08 -1 0 1.19249e-08 -0.707107 0.707107 8.43216e-09 -0.707107 0 -0.707107 -0.707107 0 -0.707107 -0.57735 -0.57735 -0.57735 -0.707107 0 -0.707107 -0.707107 0 -0.707107 -0.57735 0.57735 -0.57735 -1 0 1.19249e-08 -1 0 1.19249e-08 -0.707107 -0.707107 8.43216e-09 -1 0 1.19249e-08 -1 0 1.19249e-08 -0.707107 0.707107 8.43216e-09 -1 0 1.19249e-08 -1 0 1.19249e-08 -0.707107 -0.707107 8.43216e-09 -1 0 1.19249e-08 -1 0 1.19249e-08 -0.707107 0.707107 8.43216e-09 -0.707107 0 0.707107 -0.707107 0 0.707107 -0.57735 -0.57735 0.57735 -0.707107 0 0.707107 -0.707107 0 0.707107 -0.57735 0.57735 0.57735 0 1 -4.37114e-08 0 1 -4.37114e-08 0 0.707107 0.707107 0 1 -4.37114e-08 0 1 -4.37114e-08 0 0.707107 -0.707107 0 1 -4.37114e-08 0 1 -4.37114e-08 0 0.707107 0.707107 0 1 -4.37114e-08 0 1 -4.37114e-08 0 0.707107 -0.707107 -0.707107 0.707107 -3.09086e-08 -0.707107 0.707107 -3.09086e-08 -0.57735 0.57735 0.57735 -0.707107 0.707107 -3.09086e-08 -0.707107 0.707107 -3.09086e-08 -0.57735 0.57735 -0.57735 0 1 -4.37114e-08 0 1 -4.37114e-08 0 0.707107 0.707107 0 1 -4.37114e-08 0 1 -4.37114e-08 0 0.707107 -0.707107 0 1 -4.37114e-08 0 1 -4.37114e-08 0 0.707107 0.707107 0 1 -4.37114e-08 0 1 -4.37114e-08 0 0.707107 -0.707107 0.707107 0.707107 -3.09086e-08 0.707107 0.707107 -3.09086e-08 0.57735 0.57735 0.57735 0.707107 0.707107 -3.09086e-08 0.707107 0.707107 -3.09086e-08 0.57735 0.57735 -0.57735 0 -1 -4.37114e-08 0 -1 -4.37114e-08 0 -0.707107 -0.707107 0 -1 -4.37114e-08 0 -1 -4.37114e-08 0 -0.707107 0.707107 0 -1 -4.37114e-08 0 -1 -4.37114e-08 0 -0.707107 -0.707107 0 -1 -4.37114e-08 0 -1 -4.37114e-08 0 -0.707107 0.707107 -0.707107 -0.707107 -3.09086e-08 -0.707107 -0.707107 -3.09086e-08 -0.57735 -0.57735 -0.57735 -0.707107 -0.707107 -3.09086e-08 -0.707107 -0.707107 -3.09086e-08 -0.57735 -0.57735 0.57735 0 -1 -4.37114e-08 0 -1 -4.37114e-08 0 -0.707107 -0.707107 0 -1 -4.37114e-08 0 -1 -4.37114e-08 0 -0.707107 0.707107 0 -1 -4.37114e-08 0 -1 -4.37114e-08 0 -0.707107 -0.707107 0 -1 -4.37114e-08 0 -1 -4.37114e-08 0 -0.707107 0.707107 0.707107 -0.707107 -3.09086e-08 0.707107 -0.707107 -3.09086e-08 0.57735 -0.57735 -0.57735 0.707107 -0.707107 -3.09086e-08 0.707107 -0.707107 -3.09086e-08 0.57735 -0.57735 0.57735 </float_array>
     <technique_common>
      <accessor source="#ID41-array" count="216" stride="3">
       <param name="X" type="float"/>
       <param name="Y" type="float"/>
       <param name="Z" type="float"/>
      </accessor>
     </technique_common>
    </source>
    <source id="geometrySource42">
     <float_array id="ID43-array" count="432">0.117647 0.0606061 0.117647 0.939394 0.117647 0 0.117647 0.0606061 0.117647 0.939394 0.117647 1 0.882353 0.0606061 0.882353 0.939394 0.882353 0 0.882353 0.0606061 0.882353 0.939394 0.882353 1 0 0.0606061 0 0.939394 0 0 0 0.0606061 0 0.939394 0 1 0.117647 0.0606061 0.117647 0.939394 0.117647 0 0.117647 0.0606061 0.117647 0.939394 0.117647 1 0.882353 0.0606061 0.882353 0.939394 0.882353 0 0.882353 0.0606061 0.882353 0.939394 0.882353 1 1 0.0606061 1 0.939394 1 0 1 0.0606061 1 0.939394 1 1 0.5 0.0606061 0.5 0.939394 0.5 0 0.5 0.0606061 0.5 0.939394 0.5 1 0.5 0.0606061 0.5 0.939394 0.5 0 0.5 0.0606061 0.5 0.939394 0.5 1 0 0.0606061 0 0.939394 0 0 0 0.0606061 0 0.939394 0 1 0.5 0.0606061 0.5 0.939394 0.5 0 0.5 0.0606061 0.5 0.939394 0.5 1 0.5 0.0606061 0.5 0.939394 0.5 0 0.5 0.0606061 0.5 0.939394 0.5 1 1 0.0606061 1 0.939394 1 0 1 0.0606061 1 0.939394 1 1 0.117647 0.0606061 0.117647 0.939394 0.117647 0 0.117647 0.0606061 0.117647 0.939394 0.117647 1 0.882353 0.0606061 0.882353 0.939394 0.882353 0 0.882353 0.0606061 0.882353 0.939394 0.882353 1 0 0.0606061 0 0.939394 0 0 0 0.0606061 0 0.939394 0 1 0.117647 0.0606061 0.117647 0.939394 0.117647 0 0.117647 0.0606061 0.117647 0.939394 0.117647 1 0.882353 0.0606061 0.882353 0.939394 0.882353 0 0.882353 0.0606061 0.882353 0.939394 0.882353 1 1 0.0606061 1 0.939394 1 0 1 0.0606061 1 0.939394 1 1 0.5 0.0606061 0.5 0.939394 0.5 0 0.5 0.0606061 0.5 0.939394 0.5 1 0.5 0.0606061 0.5 0.939394 0.5 0 0.5 0.0606061 0.5 0.939394 0.5 1 0 0.0606061 0 0.939394 0 0 0 0.0606061 0 0.939394 0 1 0.5 0.0606061 0.5 0.939394 0.5 0 0.5 0.0606061 0.5 0.939394 0.5 1 0.5 0.0606061 0.5 0.939394 0.5 0 0.5 0.0606061 0.5 0.939394 0.5 1 1 0.0606061 1 0.939394 1 0 1 0.0606061 1 0.939394 1 1 0.117647 0.5 0.117647 0.5 0.117647 0 0.117647 0.5 0.117647 0.5 0.117647 1 0.882353 0.5 0.882353 0.5 0.882353 0 0.882353 0.5 0.882353 0.5 0.882353 1 0 0.5 0 0.5 0 0 0 0.5 0 0.5 0 1 0.117647 0.5 0.117647 0.5 0.117647 0 0.117647 0.5 0.117647 0.5 0.117647 1 0.882353 0.5 0.882353 0.5 0.882353 0 0.882353 0.5 0.882353 0.5 0.882353 1 1 0.5 1 0.5 1 0 1 0.5 1 0.5 1 1 0.117647 0.5 0.117647 0.5 0.117647 0 0.117647 0.5 0.117647 0.5 0.117647 1 0.882353 0.5 0.882353 0.5 0.882353 0 0.882353 0.5 0.882353 0.5 0.882353 1 0 0.5 0 0.5 0 0 0 0.5 0 0.5 0 1 0.117647 0.5 0.117647 0.5 0.117647 0 0.117647 0.5 0.117647 0.5 0.117647 1 0.882353 0.5 0.882353 0.5 0.882353 0 0.882353 0.5 0.882353 0.5 0.882353 1 1 0.5 1 0.5 1 0 1 0.5 1 0.5 1 1 </float_array>
     <technique_common>
      <accessor source="#ID43-array" count="216" stride="2">
       <param name="S" type="float"/>
       <param name="T" type="float"/>
      </accessor>
     </technique_common>
    </source>
    <vertices id="geometrySource38-vertices">
     <input semantic="POSITION" source="#geometrySource38"/>
     <input semantic="NORMAL" source="#geometrySource40"/>
    </vertices>
    <triangles count="108" material="geometryElement44">
     <input semantic="VERTEX" offset="0" source="#geometrySource38-vertices"/>
     <input semantic="NORMAL" offset="0" source="#geometrySource40"/>
     <input semantic="TEXCOORD" offset="0" source="#geometrySource42" set="1"/>
     <p>0 7 1 0 6 7 2 9 3 2 8 9 4 11 5 4 10 11 12 19 13 12 18 19 14 21 15 14 20 21 16 23 17 16 22 23 24 31 25 24 30 31 26 33 27 26 32 33 28 35 29 28 34 35 36 43 37 36 42 43 38 45 39 38 44 45 40 47 41 40 46 47 48 55 49 48 54 55 50 57 51 50 56 57 52 59 53 52 58 59 60 67 61 60 66 67 62 69 63 62 68 69 64 71 65 64 70 71 72 79 73 72 78 79 74 81 75 74 80 81 76 83 77 76 82 83 84 91 85 84 90 91 86 93 87 86 92 93 88 95 89 88 94 95 96 103 97 96 102 103 98 105 99 98 104 105 100 107 101 100 106 107 108 115 109 108 114 115 110 117 111 110 116 117 112 119 113 112 118 119 120 127 121 120 126 127 122 129 123 122 128 129 124 131 125 124 130 131 132 139 133 132 138 139 134 141 135 134 140 141 136 143 137 136 142 143 144 151 145 144 150 151 146 153 147 146 152 153 148 155 149 148 154 155 156 163 157 156 162 163 158 165 159 158 164 165 160 167 161 160 166 167 168 175 169 168 174 175 170 177 171 170 176 177 172 179 173 172 178 179 180 187 181 180 186 187 182 189 183 182 188 189 184 191 185 184 190 191 192 199 193 192 198 199 194 201 195 194 200 201 196 203 197 196 202 203 204 211 205 204 210 211 206 213 207 206 212 213 208 215 209 208 214 215 </p>
    </triangles>
   </mesh>
  </geometry>
  <geometry id="geometry45">
   <mesh>
    <source id="geometrySource46">
     <float_array id="ID47-array" count="648">-0.0515 -0.0515 0.009 -0.0515 0.0515 0.009 -0.0515 -0.0557426 0.00724264 -0.0515 -0.0515 0.009 -0.0515 0.0515 0.009 -0.0515 0.0557426 0.00724264 0.0515 -0.0515 0.009 0.0515 0.0515 0.009 0.0515 -0.0557426 0.00724264 0.0515 -0.0515 0.009 0.0515 0.0515 0.009 0.0515 0.0557426 0.00724264 -0.0557426 -0.0515 0.00724264 -0.0557426 0.0515 0.00724264 -0.0549641 -0.0549641 0.0064641 -0.0557426 -0.0515 0.00724264 -0.0557426 0.0515 0.00724264 -0.0549641 0.0549641 0.0064641 -0.0515 -0.0515 0.009 -0.0515 0.0515 0.009 -0.0515 -0.0557426 0.00724264 -0.0515 -0.0515 0.009 -0.0515 0.0515 0.009 -0.0515 0.0557426 0.00724264 0.0515 -0.0515 0.009 0.0515 0.0515 0.009 0.0515 -0.0557426 0.00724264 0.0515 -0.0515 0.009 0.0515 0.0515 0.009 0.0515 0.0557426 0.00724264 0.0557426 -0.0515 0.00724264 0.0557426 0.0515 0.00724264 0.0549641 -0.0549641 0.0064641 0.0557426 -0.0515 0.00724264 0.0557426 0.0515 0.00724264 0.0549641 0.0549641 0.0064641 0.0575 -0.0515 0.003 0.0575 0.0515 0.003 0.0557426 -0.0557426 0.003 0.0575 -0.0515 0.003 0.0575 0.0515 0.003 0.0557426 0.0557426 0.003 0.0575 -0.0515 -0.003 0.0575 0.0515 -0.003 0.0557426 -0.0557426 -0.003 0.0575 -0.0515 -0.003 0.0575 0.0515 -0.003 0.0557426 0.0557426 -0.003 0.0557426 -0.0515 0.00724264 0.0557426 0.0515 0.00724264 0.0549641 -0.0549641 0.0064641 0.0557426 -0.0515 0.00724264 0.0557426 0.0515 0.00724264 0.0549641 0.0549641 0.0064641 0.0575 -0.0515 0.003 0.0575 0.0515 0.003 0.0557426 -0.0557426 0.003 0.0575 -0.0515 0.003 0.0575 0.0515 0.003 0.0557426 0.0557426 0.003 0.0575 -0.0515 -0.003 0.0575 0.0515 -0.003 0.0557426 -0.0557426 -0.003 0.0575 -0.0515 -0.003 0.0575 0.0515 -0.003 0.0557426 0.0557426 -0.003 0.0557426 -0.0515 -0.00724265 0.0557426 0.0515 -0.00724265 0.0549641 -0.0549641 -0.00646411 0.0557426 -0.0515 -0.00724265 0.0557426 0.0515 -0.00724265 0.0549641 0.0549641 -0.00646411 0.0515 -0.0515 -0.00900001 0.0515 0.0515 -0.00900001 0.0515 -0.0557426 -0.00724265 0.0515 -0.0515 -0.00900001 0.0515 0.0515 -0.00900001 0.0515 0.0557426 -0.00724265 -0.0515 -0.0515 -0.009 -0.0515 0.0515 -0.009 -0.0515 -0.0557426 -0.00724264 -0.0515 -0.0515 -0.009 -0.0515 0.0515 -0.009 -0.0515 0.0557426 -0.00724264 0.0557426 -0.0515 -0.00724265 0.0557426 0.0515 -0.00724265 0.0549641 -0.0549641 -0.00646411 0.0557426 -0.0515 -0.00724265 0.0557426 0.0515 -0.00724265 0.0549641 0.0549641 -0.00646411 0.0515 -0.0515 -0.00900001 0.0515 0.0515 -0.00900001 0.0515 -0.0557426 -0.00724265 0.0515 -0.0515 -0.00900001 0.0515 0.0515 -0.00900001 0.0515 0.0557426 -0.00724265 -0.0515 -0.0515 -0.009 -0.0515 0.0515 -0.009 -0.0515 -0.0557426 -0.00724264 -0.0515 -0.0515 -0.009 -0.0515 0.0515 -0.009 -0.0515 0.0557426 -0.00724264 -0.0557426 -0.0515 -0.00724264 -0.0557426 0.0515 -0.00724264 -0.0549641 -0.0549641 -0.0064641 -0.0557426 -0.0515 -0.00724264 -0.0557426 0.0515 -0.00724264 -0.0549641 0.0549641 -0.0064641 -0.0575 -0.0515 -0.003 -0.0575 0.0515 -0.003 -0.0557426 -0.0557426 -0.003 -0.0575 -0.0515 -0.003 -0.0575 0.0515 -0.003 -0.0557426 0.0557426 -0.003 -0.0575 -0.0515 0.003 -0.0575 0.0515 0.003 -0.0557426 -0.0557426 0.003 -0.0575 -0.0515 0.003 -0.0575 0.0515 0.003 -0.0557426 0.0557426 0.003 -0.0557426 -0.0515 -0.00724264 -0.0557426 0.0515 -0.00724264 -0.0549641 -0.0549641 -0.0064641 -0.0557426 -0.0515 -0.00724264 -0.0557426 0.0515 -0.00724264 -0.0549641 0.0549641 -0.0064641 -0.0575 -0.0515 -0.003 -0.0575 0.0515 -0.003 -0.0557426 -0.0557426 -0.003 -0.0575 -0.0515 -0.003 -0.0575 0.0515 -0.003 -0.0557426 0.0557426 -0.003 -0.0575 -0.0515 0.003 -0.0575 0.0515 0.003 -0.0557426 -0.0557426 0.003 -0.0575 -0.0515 0.003 -0.0575 0.0515 0.003 -0.0557426 0.0557426 0.003 -0.0557426 -0.0515 0.00724264 -0.0557426 0.0515 0.00724264 -0.0549641 -0.0549641 0.0064641 -0.0557426 -0.0515 0.00724264 -0.0557426 0.0515 0.00724264 -0.0549641 0.0549641 0.0064641 -0.0515 0.0575 0.003 -0.0515 0.0575 -0.003 -0.0515 0.0557426 0.00724264 -0.0515 0.0575 0.003 -0.0515 0.0575 -0.003 -0.0515 0.0557426 -0.00724265 0.0515 0.0575 0.003 0.0515 0.0575 -0.003 0.0515 0.0557426 0.00724264 0.0515 0.0575 0.003 0.0515 0.0575 -0.003 0.0515 0.0557426 -0.00724265 -0.0557426 0.0557426 0.003 -0.0557426 0.0557426 -0.003 -0.0549641 0.0549641 0.0064641 -0.0557426 0.0557426 0.003 -0.0557426 0.0557426 -0.003 -0.0549641 0.0549641 -0.00646411 -0.0515 0.0575 0.003 -0.0515 0.0575 -0.003 -0.0515 0.0557426 0.00724264 -0.0515 0.0575 0.003 -0.0515 0.0575 -0.003 -0.0515 0.0557426 -0.00724265 0.0515 0.0575 0.003 0.0515 0.0575 -0.003 0.0515 0.0557426 0.00724264 0.0515 0.0575 0.003 0.0515 0.0575 -0.003 0.0515 0.0557426 -0.00724265 0.0557426 0.0557426 0.003 0.0557426 0.0557426 -0.003 0.0549641 0.0549641 0.0064641 0.0557426 0.0557426 0.003 0.0557426 0.0557426 -0.003 0.0549641 0.0549641 -0.00646411 -0.0515 -0.0575 -0.003 -0.0515 -0.0575 0.00299999 -0.0515 -0.0557426 -0.00724264 -0.0515 -0.0575 -0.003 -0.0515 -0.0575 0.00299999 -0.0515 -0.0557426 0.00724264 0.0515 -0.0575 -0.003 0.0515 -0.0575 0.00299999 0.0515 -0.0557426 -0.00724264 0.0515 -0.0575 -0.003 0.0515 -0.0575 0.00299999 0.0515 -0.0557426 0.00724264 -0.0557426 -0.0557426 -0.003 -0.0557426 -0.0557426 0.00299999 -0.0549641 -0.0549641 -0.0064641 -0.0557426 -0.0557426 -0.003 -0.0557426 -0.0557426 0.00299999 -0.0549641 -0.0549641 0.0064641 -0.0515 -0.0575 -0.003 -0.0515 -0.0575 0.00299999 -0.0515 -0.0557426 -0.00724264 -0.0515 -0.0575 -0.003 -0.0515 -0.0575 0.00299999 -0.0515 -0.0557426 0.00724264 0.0515 -0.0575 -0.003 0.0515 -0.0575 0.00299999 0.0515 -0.0557426 -0.00724264 0.0515 -0.0575 -0.003 0.0515 -0.0575 0.00299999 0.0515 -0.0557426 0.00724264 0.0557426 -0.0557426 -0.003 0.0557426 -0.0557426 0.00299999 0.0549641 -0.0549641 -0.0064641 0.0557426 -0.0557426 -0.003 0.0557426 -0.0557426 0.00299999 0.0549641 -0.0549641 0.0064641 </float_array>
     <technique_common>
      <accessor source="#ID47-array" count="216" stride="3">
       <param name="X" type="float"/>
       <param name="Y" type="float"/>
       <param name="Z" type="float"/>
      </accessor>
     </technique_common>
    </source>
    <source id="geometrySource48">
     <float_array id="ID49-array" count="648">0 0 1 0 0 1 0 -0.707107 0.707107 0 0 1 0 0 1 0 0.707107 0.707107 0 0 1 0 0 1 0 -0.707107 0.707107 0 0 1 0 0 1 0 0.707107 0.707107 -0.707107 0 0.707107 -0.707107 0 0.707107 -0.57735 -0.57735 0.57735 -0.707107 0 0.707107 -0.707107 0 0.707107 -0.57735 0.57735 0.57735 0 0 1 0 0 1 0 -0.707107 0.707107 0 0 1 0 0 1 0 0.707107 0.707107 0 0 1 0 0 1 0 -0.707107 0.707107 0 0 1 0 0 1 0 0.707107 0.707107 0.707107 0 0.707107 0.707107 0 0.707107 0.57735 -0.57735 0.57735 0.707107 0 0.707107 0.707107 0 0.707107 0.57735 0.57735 0.57735 1 0 -4.37114e-08 1 0 -4.37114e-08 0.707107 -0.707107 -3.09086e-08 1 0 -4.37114e-08 1 0 -4.37114e-08 0.707107 0.707107 -3.09086e-08 1 0 -4.37114e-08 1 0 -4.37114e-08 0.707107 -0.707107 -3.09086e-08 1 0 -4.37114e-08 1 0 -4.37114e-08 0.707107 0.707107 -3.09086e-08 0.707107 0 0.707107 0.707107 0 0.707107 0.57735 -0.57735 0.57735 0.707107 0 0.707107 0.707107 0 0.707107 0.57735 0.57735 0.57735 1 0 -4.37114e-08 1 0 -4.37114e-08 0.707107 -0.707107 -3.09086e-08 1 0 -4.37114e-08 1 0 -4.37114e-08 0.707107 0.707107 -3.09086e-08 1 0 -4.37114e-08 1 0 -4.37114e-08 0.707107 -0.707107 -3.09086e-08 1 0 -4.37114e-08 1 0 -4.37114e-08 0.707107 0.707107 -3.09086e-08 0.707107 0 -0.707107 0.707107 0 -0.707107 0.57735 -0.57735 -0.57735 0.707107 0 -0.707107 0.707107 0 -0.707107 0.57735 0.57735 -0.57735 -8.74228e-08 0 -1 -8.74228e-08 0 -1 -6.18172e-08 -0.707107 -0.707107 -8.74228e-08 0 -1 -8.74228e-08 0 -1 -6.18172e-08 0.707107 -0.707107 -8.74228e-08 0 -1 -8.74228e-08 0 -1 -6.18172e-08 -0.707107 -0.707107 -8.74228e-08 0 -1 -8.74228e-08 0 -1 -6.18172e-08 0.707107 -0.707107 0.707107 0 -0.707107 0.707107 0 -0.707107 0.57735 -0.57735 -0.57735 0.707107 0 -0.707107 0.707107 0 -0.707107 0.57735 0.57735 -0.57735 -8.74228e-08 0 -1 -8.74228e-08 0 -1 -6.18172e-08 -0.707107 -0.707107 -8.74228e-08 0 -1 -8.74228e-08 0 -1 -6.18172e-08 0.707107 -0.707107 -8.74228e-08 0 -1 -8.74228e-08 0 -1 -6.18172e-08 -0.707107 -0.707107 -8.74228e-08 0 -1 -8.74228e-08 0 -1 -6.18172e-08 0.707107 -0.707107 -0.707107 0 -0.707107 -0.707107 0 -0.707107 -0.57735 -0.57735 -0.57735 -0.707107 0 -0.707107 -0.707107 0 -0.707107 -0.57735 0.57735 -0.57735 -1 0 1.19249e-08 -1 0 1.19249e-08 -0.707107 -0.707107 8.43216e-09 -1 0 1.19249e-08 -1 0 1.19249e-08 -0.707107 0.707107 8.43216e-09 -1 0 1.19249e-08 -1 0 1.19249e-08 -0.707107 -0.707107 8.43216e-09 -1 0 1.19249e-08 -1 0 1.19249e-08 -0.707107 0.707107 8.43216e-09 -0.707107 0 -0.707107 -0.707107 0 -0.707107 -0.57735 -0.57735 -0.57735 -0.707107 0 -0.707107 -0.707107 0 -0.707107 -0.57735 0.57735 -0.57735 -1 0 1.19249e-08 -1 0 1.19249e-08 -0.707107 -0.707107 8.43216e-09 -1 0 1.19249e-08 -1 0 1.19249e-08 -0.707107 0.707107 8.43216e-09 -1 0 1.19249e-08 -1 0 1.19249e-08 -0.707107 -0.707107 8.43216e-09 -1 0 1.19249e-08 -1 0 1.19249e-08 -0.707107 0.707107 8.43216e-09 -0.707107 0 0.707107 -0.707107 0 0.707107 -0.57735 -0.57735 0.57735 -0.707107 0 0.707107 -0.707107 0 0.707107 -0.57735 0.57735 0.57735 0 1 -4.37114e-08 0 1 -4.37114e-08 0 0.707107 0.707107 0 1 -4.37114e-08 0 1 -4.37114e-08 0 0.707107 -0.707107 0 1 -4.37114e-08 0 1 -4.37114e-08 0 0.707107 0.707107 0 1 -4.37114e-08 0 1 -4.37114e-08 0 0.707107 -0.707107 -0.707107 0.707107 -3.09086e-08 -0.707107 0.707107 -3.09086e-08 -0.57735 0.57735 0.57735 -0.707107 0.707107 -3.09086e-08 -0.707107 0.707107 -3.09086e-08 -0.57735 0.57735 -0.57735 0 1 -4.37114e-08 0 1 -4.37114e-08 0 0.707107 0.707107 0 1 -4.37114e-08 0 1 -4.37114e-08 0 0.707107 -0.707107 0 1 -4.37114e-08 0 1 -4.37114e-08 0 0.707107 0.707107 0 1 -4.37114e-08 0 1 -4.37114e-08 0 0.707107 -0.707107 0.707107 0.707107 -3.09086e-08 0.707107 0.707107 -3.09086e-08 0.57735 0.57735 0.57735 0.707107 0.707107 -3.09086e-08 0.707107 0.707107 -3.09086e-08 0.57735 0.57735 -0.57735 0 -1 -4.37114e-08 0 -1 -4.37114e-08 0 -0.707107 -0.707107 0 -1 -4.37114e-08 0 -1 -4.37114e-08 0 -0.707107 0.707107 0 -1 -4.37114e-08 0 -1 -4.37114e-08 0 -0.707107 -0.707107 0 -1 -4.37114e-08 0 -1 -4.37114e-08 0 -0.707107 0.707107 -0.707107 -0.707107 -3.09086e-08 -0.707107 -0.707107 -3.09086e-08 -0.57735 -0.57735 -0.57735 -0.707107 -0.707107 -3.09086e-08 -0.707107 -0.707107 -3.09086e-08 -0.57735 -0.57735 0.57735 0 -1 -4.37114e-08 0 -1 -4.37114e-08 0 -0.707107 -0.707107 0 -1 -4.37114e-08 0 -1 -4.37114e-08 0 -0.707107 0.707107 0 -1 -4.37114e-08 0 -1 -4.37114e-08 0 -0.707107 -0.707107 0 -1 -4.37114e-08 0 -1 -4.37114e-08 0 -0.707107 0.707107 0.707107 -0.707107 -3.09086e-08 0.707107 -0.707107 -3.09086e-08 0.57735 -0.57735 -0.57735 0.707107 -0.707107 -3.09086e-08 0.707107 -0.707107 -3.09086e-08 0.57735 -0.57735 0.57735 </float_array>
     <technique_common>
      <accessor source="#ID49-array" count="216" stride="3">
       <param name="X" type="float"/>
       <param name="Y" type="float"/>
       <param name="Z" type="float"/>
      </accessor>
     </technique_common>
    </source>
    <source id="geometrySource50">
     <float_array id="ID51-array" count="432">0.0521739 0.0521739 0.0521739 0.947826 0.0521739 0 0.0521739 0.0521739 0.0521739 0.947826 0.0521739 1 0.947826 0.0521739 0.947826 0.947826 0.947826 0 0.947826 0.0521739 0.947826 0.947826 0.947826 1 0 0.0521739 0 0.947826 0 0 0 0.0521739 0 0.947826 0 1 0.0521739 0.0521739 0.0521739 0.947826 0.0521739 0 0.0521739 0.0521739 0.0521739 0.947826 0.0521739 1 0.947826 0.0521739 0.947826 0.947826 0.947826 0 0.947826 0.0521739 0.947826 0.947826 0.947826 1 1 0.0521739 1 0.947826 1 0 1 0.0521739 1 0.947826 1 1 0.333333 0.0521739 0.333333 0.947826 0.333333 0 0.333333 0.0521739 0.333333 0.947826 0.333333 1 0.666667 0.0521739 0.666667 0.947826 0.666667 0 0.666667 0.0521739 0.666667 0.947826 0.666667 1 0 0.0521739 0 0.947826 0 0 0 0.0521739 0 0.947826 0 1 0.333333 0.0521739 0.333333 0.947826 0.333333 0 0.333333 0.0521739 0.333333 0.947826 0.333333 1 0.666667 0.0521739 0.666667 0.947826 0.666667 0 0.666667 0.0521739 0.666667 0.947826 0.666667 1 1 0.0521739 1 0.947826 1 0 1 0.0521739 1 0.947826 1 1 0.0521739 0.0521739 0.0521739 0.947826 0.0521739 0 0.0521739 0.0521739 0.0521739 0.947826 0.0521739 1 0.947826 0.0521739 0.947826 0.947826 0.947826 0 0.947826 0.0521739 0.947826 0.947826 0.947826 1 0 0.0521739 0 0.947826 0 0 0 0.0521739 0 0.947826 0 1 0.0521739 0.0521739 0.0521739 0.947826 0.0521739 0 0.0521739 0.0521739 0.0521739 0.947826 0.0521739 1 0.947826 0.0521739 0.947826 0.947826 0.947826 0 0.947826 0.0521739 0.947826 0.947826 0.947826 1 1 0.0521739 1 0.947826 1 0 1 0.0521739 1 0.947826 1 1 0.333333 0.0521739 0.333333 0.947826 0.333333 0 0.333333 0.0521739 0.333333 0.947826 0.333333 1 0.666667 0.0521739 0.666667 0.947826 0.666667 0 0.666667 0.0521739 0.666667 0.947826 0.666667 1 0 0.0521739 0 0.947826 0 0 0 0.0521739 0 0.947826 0 1 0.333333 0.0521739 0.333333 0.947826 0.333333 0 0.333333 0.0521739 0.333333 0.947826 0.333333 1 0.666667 0.0521739 0.666667 0.947826 0.666667 0 0.666667 0.0521739 0.666667 0.947826 0.666667 1 1 0.0521739 1 0.947826 1 0 1 0.0521739 1 0.947826 1 1 0.0521739 0.333333 0.0521739 0.666667 0.0521739 0 0.0521739 0.333333 0.0521739 0.666667 0.0521739 1 0.947826 0.333333 0.947826 0.666667 0.947826 0 0.947826 0.333333 0.947826 0.666667 0.947826 1 0 0.333333 0 0.666667 0 0 0 0.333333 0 0.666667 0 1 0.0521739 0.333333 0.0521739 0.666667 0.0521739 0 0.0521739 0.333333 0.0521739 0.666667 0.0521739 1 0.947826 0.333333 0.947826 0.666667 0.947826 0 0.947826 0.333333 0.947826 0.666667 0.947826 1 1 0.333333 1 0.666667 1 0 1 0.333333 1 0.666667 1 1 0.0521739 0.333333 0.0521739 0.666667 0.0521739 0 0.0521739 0.333333 0.0521739 0.666667 0.0521739 1 0.947826 0.333333 0.947826 0.666667 0.947826 0 0.947826 0.333333 0.947826 0.666667 0.947826 1 0 0.333333 0 0.666667 0 0 0 0.333333 0 0.666667 0 1 0.0521739 0.333333 0.0521739 0.666667 0.0521739 0 0.0521739 0.333333 0.0521739 0.666667 0.0521739 1 0.947826 0.333333 0.947826 0.666667 0.947826 0 0.947826 0.333333 0.947826 0.666667 0.947826 1 1 0.333333 1 0.666667 1 0 1 0.333333 1 0.666667 1 1 </float_array>
     <technique_common>
      <accessor source="#ID51-array" count="216" stride="2">
       <param name="S" type="float"/>
       <param name="T" type="float"/>
      </accessor>
     </technique_common>
    </source>
    <vertices id="geometrySource46-vertices">
     <input semantic="POSITION" source="#geometrySource46"/>
     <input semantic="NORMAL" source="#geometrySource48"/>
    </vertices>
    <triangles count="108" material="geometryElement52">
     <input semantic="VERTEX" offset="0" source="#geometrySource46-vertices"/>
     <input semantic="NORMAL" offset="0" source="#geometrySource48"/>
     <input semantic="TEXCOORD" offset="0" source="#geometrySource50" set="1"/>
     <p>0 7 1 0 6 7 2 9 3 2 8 9 4 11 5 4 10 11 12 19 13 12 18 19 14 21 15 14 20 21 16 23 17 16 22 23 24 31 25 24 30 31 26 33 27 26 32 33 28 35 29 28 34 35 36 43 37 36 42 43 38 45 39 38 44 45 40 47 41 40 46 47 48 55 49 48 54 55 50 57 51 50 56 57 52 59 53 52 58 59 60 67 61 60 66 67 62 69 63 62 68 69 64 71 65 64 70 71 72 79 73 72 78 79 74 81 75 74 80 81 76 83 77 76 82 83 84 91 85 84 90 91 86 93 87 86 92 93 88 95 89 88 94 95 96 103 97 96 102 103 98 105 99 98 104 105 100 107 101 100 106 107 108 115 109 108 114 115 110 117 111 110 116 117 112 119 113 112 118 119 120 127 121 120 126 127 122 129 123 122 128 129 124 131 125 124 130 131 132 139 133 132 138 139 134 141 135 134 140 141 136 143 137 136 142 143 144 151 145 144 150 151 146 153 147 146 152 153 148 155 149 148 154 155 156 163 157 156 162 163 158 165 159 158 164 165 160 167 161 160 166 167 168 175 169 168 174 175 170 177 171 170 176 177 172 179 173 172 178 179 180 187 181 180 186 187 182 189 183 182 188 189 184 191 185 184 190 191 192 199 193 192 198 199 194 201 195 194 200 201 196 203 197 196 202 203 204 211 205 204 210 211 206 213 207 206 212 213 208 215 209 208 214 215 </p>
    </triangles>
   </mesh>
  </geometry>
  <geometry id="geometry53">
   <mesh>
    <source id="geometrySource54">
     <float_array id="ID55-array" count="648">-0.905 -0.045 0.58 -0.905 0.045 0.58 -0.905 -0.0626777 0.572678 -0.905 -0.045 0.58 -0.905 0.045 0.58 -0.905 0.0626777 0.572678 0.905 -0.045 0.58 0.905 0.045 0.58 0.905 -0.0626777 0.572678 0.905 -0.045 0.58 0.905 0.045 0.58 0.905 0.0626777 0.572678 -0.922678 -0.045 0.572678 -0.922678 0.045 0.572678 -0.919434 -0.0594338 0.569434 -0.922678 -0.045 0.572678 -0.922678 0.045 0.572678 -0.919434 0.0594338 0.569434 -0.905 -0.045 0.58 -0.905 0.045 0.58 -0.905 -0.0626777 0.572678 -0.905 -0.045 0.58 -0.905 0.045 0.58 -0.905 0.0626777 0.572678 0.905 -0.045 0.58 0.905 0.045 0.58 0.905 -0.0626777 0.572678 0.905 -0.045 0.58 0.905 0.045 0.58 0.905 0.0626777 0.572678 0.922678 -0.045 0.572678 0.922678 0.045 0.572678 0.919434 -0.0594338 0.569434 0.922678 -0.045 0.572678 0.922678 0.045 0.572678 0.919434 0.0594338 0.569434 0.93 -0.045 0.555 0.93 0.045 0.555 0.922678 -0.0626777 0.555 0.93 -0.045 0.555 0.93 0.045 0.555 0.922678 0.0626777 0.555 0.93 -0.045 -0.555 0.93 0.045 -0.555 0.922678 -0.0626777 -0.555 0.93 -0.045 -0.555 0.93 0.045 -0.555 0.922678 0.0626777 -0.555 0.922678 -0.045 0.572678 0.922678 0.045 0.572678 0.919434 -0.0594338 0.569434 0.922678 -0.045 0.572678 0.922678 0.045 0.572678 0.919434 0.0594338 0.569434 0.93 -0.045 0.555 0.93 0.045 0.555 0.922678 -0.0626777 0.555 0.93 -0.045 0.555 0.93 0.045 0.555 0.922678 0.0626777 0.555 0.93 -0.045 -0.555 0.93 0.045 -0.555 0.922678 -0.0626777 -0.555 0.93 -0.045 -0.555 0.93 0.045 -0.555 0.922678 0.0626777 -0.555 0.922678 -0.045 -0.572678 0.922678 0.045 -0.572678 0.919434 -0.0594338 -0.569434 0.922678 -0.045 -0.572678 0.922678 0.045 -0.572678 0.919434 0.0594338 -0.569434 0.905 -0.045 -0.58 0.905 0.045 -0.58 0.905 -0.0626777 -0.572678 0.905 -0.045 -0.58 0.905 0.045 -0.58 0.905 0.0626777 -0.572678 -0.905 -0.045 -0.58 -0.905 0.045 -0.58 -0.905 -0.0626777 -0.572678 -0.905 -0.045 -0.58 -0.905 0.045 -0.58 -0.905 0.0626777 -0.572678 0.922678 -0.045 -0.572678 0.922678 0.045 -0.572678 0.919434 -0.0594338 -0.569434 0.922678 -0.045 -0.572678 0.922678 0.045 -0.572678 0.919434 0.0594338 -0.569434 0.905 -0.045 -0.58 0.905 0.045 -0.58 0.905 -0.0626777 -0.572678 0.905 -0.045 -0.58 0.905 0.045 -0.58 0.905 0.0626777 -0.572678 -0.905 -0.045 -0.58 -0.905 0.045 -0.58 -0.905 -0.0626777 -0.572678 -0.905 -0.045 -0.58 -0.905 0.045 -0.58 -0.905 0.0626777 -0.572678 -0.922678 -0.045 -0.572678 -0.922678 0.045 -0.572678 -0.919434 -0.0594338 -0.569434 -0.922678 -0.045 -0.572678 -0.922678 0.045 -0.572678 -0.919434 0.0594338 -0.569434 -0.93 -0.045 -0.555 -0.93 0.045 -0.555 -0.922678 -0.0626777 -0.555 -0.93 -0.045 -0.555 -0.93 0.045 -0.555 -0.922678 0.0626777 -0.555 -0.93 -0.045 0.555 -0.93 0.045 0.555 -0.922678 -0.0626777 0.555 -0.93 -0.045 0.555 -0.93 0.045 0.555 -0.922678 0.0626777 0.555 -0.922678 -0.045 -0.572678 -0.922678 0.045 -0.572678 -0.919434 -0.0594338 -0.569434 -0.922678 -0.045 -0.572678 -0.922678 0.045 -0.572678 -0.919434 0.0594338 -0.569434 -0.93 -0.045 -0.555 -0.93 0.045 -0.555 -0.922678 -0.0626777 -0.555 -0.93 -0.045 -0.555 -0.93 0.045 -0.555 -0.922678 0.0626777 -0.555 -0.93 -0.045 0.555 -0.93 0.045 0.555 -0.922678 -0.0626777 0.555 -0.93 -0.045 0.555 -0.93 0.045 0.555 -0.922678 0.0626777 0.555 -0.922678 -0.045 0.572678 -0.922678 0.045 0.572678 -0.919434 -0.0594338 0.569434 -0.922678 -0.045 0.572678 -0.922678 0.045 0.572678 -0.919434 0.0594338 0.569434 -0.905 0.07 0.555 -0.905 0.07 -0.555 -0.905 0.0626777 0.572678 -0.905 0.07 0.555 -0.905 0.07 -0.555 -0.905 0.0626776 -0.572678 0.905 0.07 0.555 0.905 0.07 -0.555 0.905 0.0626777 0.572678 0.905 0.07 0.555 0.905 0.07 -0.555 0.905 0.0626776 -0.572678 -0.922678 0.0626777 0.555 -0.922678 0.0626776 -0.555 -0.919434 0.0594338 0.569434 -0.922678 0.0626777 0.555 -0.922678 0.0626776 -0.555 -0.919434 0.0594337 -0.569434 -0.905 0.07 0.555 -0.905 0.07 -0.555 -0.905 0.0626777 0.572678 -0.905 0.07 0.555 -0.905 0.07 -0.555 -0.905 0.0626776 -0.572678 0.905 0.07 0.555 0.905 0.07 -0.555 0.905 0.0626777 0.572678 0.905 0.07 0.555 0.905 0.07 -0.555 0.905 0.0626776 -0.572678 0.922678 0.0626777 0.555 0.922678 0.0626776 -0.555 0.919434 0.0594338 0.569434 0.922678 0.0626777 0.555 0.922678 0.0626776 -0.555 0.919434 0.0594337 -0.569434 -0.905 -0.07 -0.555 -0.905 -0.07 0.555 -0.905 -0.0626777 -0.572678 -0.905 -0.07 -0.555 -0.905 -0.07 0.555 -0.905 -0.0626777 0.572678 0.905 -0.07 -0.555 0.905 -0.07 0.555 0.905 -0.0626777 -0.572678 0.905 -0.07 -0.555 0.905 -0.07 0.555 0.905 -0.0626777 0.572678 -0.922678 -0.0626777 -0.555 -0.922678 -0.0626777 0.555 -0.919434 -0.0594338 -0.569434 -0.922678 -0.0626777 -0.555 -0.922678 -0.0626777 0.555 -0.919434 -0.0594338 0.569434 -0.905 -0.07 -0.555 -0.905 -0.07 0.555 -0.905 -0.0626777 -0.572678 -0.905 -0.07 -0.555 -0.905 -0.07 0.555 -0.905 -0.0626777 0.572678 0.905 -0.07 -0.555 0.905 -0.07 0.555 0.905 -0.0626777 -0.572678 0.905 -0.07 -0.555 0.905 -0.07 0.555 0.905 -0.0626777 0.572678 0.922678 -0.0626777 -0.555 0.922678 -0.0626777 0.555 0.919434 -0.0594338 -0.569434 0.922678 -0.0626777 -0.555 0.922678 -0.0626777 0.555 0.919434 -0.0594338 0.569434 </float_array>
     <technique_common>
      <accessor source="#ID55-array" count="216" stride="3">
       <param name="X" type="float"/>
       <param name="Y" type="float"/>
       <param name="Z" type="float"/>
      </accessor>
     </technique_common>
    </source>
    <source id="geometrySource56">
     <float_array id="ID57-array" count="648">0 0 1 0 0 1 0 -0.707107 0.707107 0 0 1 0 0 1 0 0.707107 0.707107 0 0 1 0 0 1 0 -0.707107 0.707107 0 0 1 0 0 1 0 0.707107 0.707107 -0.707107 0 0.707107 -0.707107 0 0.707107 -0.57735 -0.57735 0.57735 -0.707107 0 0.707107 -0.707107 0 0.707107 -0.57735 0.57735 0.57735 0 0 1 0 0 1 0 -0.707107 0.707107 0 0 1 0 0 1 0 0.707107 0.707107 0 0 1 0 0 1 0 -0.707107 0.707107 0 0 1 0 0 1 0 0.707107 0.707107 0.707107 0 0.707107 0.707107 0 0.707107 0.57735 -0.57735 0.57735 0.707107 0 0.707107 0.707107 0 0.707107 0.57735 0.57735 0.57735 1 0 -4.37114e-08 1 0 -4.37114e-08 0.707107 -0.707107 -3.09086e-08 1 0 -4.37114e-08 1 0 -4.37114e-08 0.707107 0.707107 -3.09086e-08 1 0 -4.37114e-08 1 0 -4.37114e-08 0.707107 -0.707107 -3.09086e-08 1 0 -4.37114e-08 1 0 -4.37114e-08 0.707107 0.707107 -3.09086e-08 0.707107 0 0.707107 0.707107 0 0.707107 0.57735 -0.57735 0.57735 0.707107 0 0.707107 0.707107 0 0.707107 0.57735 0.57735 0.57735 1 0 -4.37114e-08 1 0 -4.37114e-08 0.707107 -0.707107 -3.09086e-08 1 0 -4.37114e-08 1 0 -4.37114e-08 0.707107 0.707107 -3.09086e-08 1 0 -4.37114e-08 1 0 -4.37114e-08 0.707107 -0.707107 -3.09086e-08 1 0 -4.37114e-08 1 0 -4.37114e-08 0.707107 0.707107 -3.09086e-08 0.707107 0 -0.707107 0.707107 0 -0.707107 0.57735 -0.57735 -0.57735 0.707107 0 -0.707107 0.707107 0 -0.707107 0.57735 0.57735 -0.57735 -8.74228e-08 0 -1 -8.74228e-08 0 -1 -6.18172e-08 -0.707107 -0.707107 -8.74228e-08 0 -1 -8.74228e-08 0 -1 -6.18172e-08 0.707107 -0.707107 -8.74228e-08 0 -1 -8.74228e-08 0 -1 -6.18172e-08 -0.707107 -0.707107 -8.74228e-08 0 -1 -8.74228e-08 0 -1 -6.18172e-08 0.707107 -0.707107 0.707107 0 -0.707107 0.707107 0 -0.707107 0.57735 -0.57735 -0.57735 0.707107 0 -0.707107 0.707107 0 -0.707107 0.57735 0.57735 -0.57735 -8.74228e-08 0 -1 -8.74228e-08 0 -1 -6.18172e-08 -0.707107 -0.707107 -8.74228e-08 0 -1 -8.74228e-08 0 -1 -6.18172e-08 0.707107 -0.707107 -8.74228e-08 0 -1 -8.74228e-08 0 -1 -6.18172e-08 -0.707107 -0.707107 -8.74228e-08 0 -1 -8.74228e-08 0 -1 -6.18172e-08 0.707107 -0.707107 -0.707107 0 -0.707107 -0.707107 0 -0.707107 -0.57735 -0.57735 -0.57735 -0.707107 0 -0.707107 -0.707107 0 -0.707107 -0.57735 0.57735 -0.57735 -1 0 1.19249e-08 -1 0 1.19249e-08 -0.707107 -0.707107 8.43216e-09 -1 0 1.19249e-08 -1 0 1.19249e-08 -0.707107 0.707107 8.43216e-09 -1 0 1.19249e-08 -1 0 1.19249e-08 -0.707107 -0.707107 8.43216e-09 -1 0 1.19249e-08 -1 0 1.19249e-08 -0.707107 0.707107 8.43216e-09 -0.707107 0 -0.707107 -0.707107 0 -0.707107 -0.57735 -0.57735 -0.57735 -0.707107 0 -0.707107 -0.707107 0 -0.707107 -0.57735 0.57735 -0.57735 -1 0 1.19249e-08 -1 0 1.19249e-08 -0.707107 -0.707107 8.43216e-09 -1 0 1.19249e-08 -1 0 1.19249e-08 -0.707107 0.707107 8.43216e-09 -1 0 1.19249e-08 -1 0 1.19249e-08 -0.707107 -0.707107 8.43216e-09 -1 0 1.19249e-08 -1 0 1.19249e-08 -0.707107 0.707107 8.43216e-09 -0.707107 0 0.707107 -0.707107 0 0.707107 -0.57735 -0.57735 0.57735 -0.707107 0 0.707107 -0.707107 0 0.707107 -0.57735 0.57735 0.57735 0 1 -4.37114e-08 0 1 -4.37114e-08 0 0.707107 0.707107 0 1 -4.37114e-08 0 1 -4.37114e-08 0 0.707107 -0.707107 0 1 -4.37114e-08 0 1 -4.37114e-08 0 0.707107 0.707107 0 1 -4.37114e-08 0 1 -4.37114e-08 0 0.707107 -0.707107 -0.707107 0.707107 -3.09086e-08 -0.707107 0.707107 -3.09086e-08 -0.57735 0.57735 0.57735 -0.707107 0.707107 -3.09086e-08 -0.707107 0.707107 -3.09086e-08 -0.57735 0.57735 -0.57735 0 1 -4.37114e-08 0 1 -4.37114e-08 0 0.707107 0.707107 0 1 -4.37114e-08 0 1 -4.37114e-08 0 0.707107 -0.707107 0 1 -4.37114e-08 0 1 -4.37114e-08 0 0.707107 0.707107 0 1 -4.37114e-08 0 1 -4.37114e-08 0 0.707107 -0.707107 0.707107 0.707107 -3.09086e-08 0.707107 0.707107 -3.09086e-08 0.57735 0.57735 0.57735 0.707107 0.707107 -3.09086e-08 0.707107 0.707107 -3.09086e-08 0.57735 0.57735 -0.57735 0 -1 -4.37114e-08 0 -1 -4.37114e-08 0 -0.707107 -0.707107 0 -1 -4.37114e-08 0 -1 -4.37114e-08 0 -0.707107 0.707107 0 -1 -4.37114e-08 0 -1 -4.37114e-08 0 -0.707107 -0.707107 0 -1 -4.37114e-08 0 -1 -4.37114e-08 0 -0.707107 0.707107 -0.707107 -0.707107 -3.09086e-08 -0.707107 -0.707107 -3.09086e-08 -0.57735 -0.57735 -0.57735 -0.707107 -0.707107 -3.09086e-08 -0.707107 -0.707107 -3.09086e-08 -0.57735 -0.57735 0.57735 0 -1 -4.37114e-08 0 -1 -4.37114e-08 0 -0.707107 -0.707107 0 -1 -4.37114e-08 0 -1 -4.37114e-08 0 -0.707107 0.707107 0 -1 -4.37114e-08 0 -1 -4.37114e-08 0 -0.707107 -0.707107 0 -1 -4.37114e-08 0 -1 -4.37114e-08 0 -0.707107 0.707107 0.707107 -0.707107 -3.09086e-08 0.707107 -0.707107 -3.09086e-08 0.57735 -0.57735 -0.57735 0.707107 -0.707107 -3.09086e-08 0.707107 -0.707107 -3.09086e-08 0.57735 -0.57735 0.57735 </float_array>
     <technique_common>
      <accessor source="#ID57-array" count="216" stride="3">
       <param name="X" type="float"/>
       <param name="Y" type="float"/>
       <param name="Z" type="float"/>
      </accessor>
     </technique_common>
    </source>
    <source id="geometrySource58">
     <float_array id="ID59-array" count="432">0.0134409 0.178571 0.0134409 0.821429 0.0134409 0 0.0134409 0.178571 0.0134409 0.821429 0.0134409 1 0.986559 0.178571 0.986559 0.821429 0.986559 0 0.986559 0.178571 0.986559 0.821429 0.986559 1 0 0.178571 0 0.821429 0 0 0 0.178571 0 0.821429 0 1 0.0134409 0.178571 0.0134409 0.821429 0.0134409 0 0.0134409 0.178571 0.0134409 0.821429 0.0134409 1 0.986559 0.178571 0.986559 0.821429 0.986559 0 0.986559 0.178571 0.986559 0.821429 0.986559 1 1 0.178571 1 0.821429 1 0 1 0.178571 1 0.821429 1 1 0.0215517 0.178571 0.0215517 0.821429 0.0215517 0 0.0215517 0.178571 0.0215517 0.821429 0.0215517 1 0.978448 0.178571 0.978448 0.821429 0.978448 0 0.978448 0.178571 0.978448 0.821429 0.978448 1 0 0.178571 0 0.821429 0 0 0 0.178571 0 0.821429 0 1 0.0215517 0.178571 0.0215517 0.821429 0.0215517 0 0.0215517 0.178571 0.0215517 0.821429 0.0215517 1 0.978448 0.178571 0.978448 0.821429 0.978448 0 0.978448 0.178571 0.978448 0.821429 0.978448 1 1 0.178571 1 0.821429 1 0 1 0.178571 1 0.821429 1 1 0.0134409 0.178571 0.0134409 0.821429 0.0134409 0 0.0134409 0.178571 0.0134409 0.821429 0.0134409 1 0.986559 0.178571 0.986559 0.821429 0.986559 0 0.986559 0.178571 0.986559 0.821429 0.986559 1 0 0.178571 0 0.821429 0 0 0 0.178571 0 0.821429 0 1 0.0134409 0.178571 0.0134409 0.821429 0.0134409 0 0.0134409 0.178571 0.0134409 0.821429 0.0134409 1 0.986559 0.178571 0.986559 0.821429 0.986559 0 0.986559 0.178571 0.986559 0.821429 0.986559 1 1 0.178571 1 0.821429 1 0 1 0.178571 1 0.821429 1 1 0.0215517 0.178571 0.0215517 0.821429 0.0215517 0 0.0215517 0.178571 0.0215517 0.821429 0.0215517 1 0.978448 0.178571 0.978448 0.821429 0.978448 0 0.978448 0.178571 0.978448 0.821429 0.978448 1 0 0.178571 0 0.821429 0 0 0 0.178571 0 0.821429 0 1 0.0215517 0.178571 0.0215517 0.821429 0.0215517 0 0.0215517 0.178571 0.0215517 0.821429 0.0215517 1 0.978448 0.178571 0.978448 0.821429 0.978448 0 0.978448 0.178571 0.978448 0.821429 0.978448 1 1 0.178571 1 0.821429 1 0 1 0.178571 1 0.821429 1 1 0.0134409 0.0215517 0.0134409 0.978448 0.0134409 0 0.0134409 0.0215517 0.0134409 0.978448 0.0134409 1 0.986559 0.0215517 0.986559 0.978448 0.986559 0 0.986559 0.0215517 0.986559 0.978448 0.986559 1 0 0.0215517 0 0.978448 0 0 0 0.0215517 0 0.978448 0 1 0.0134409 0.0215517 0.0134409 0.978448 0.0134409 0 0.0134409 0.0215517 0.0134409 0.978448 0.0134409 1 0.986559 0.0215517 0.986559 0.978448 0.986559 0 0.986559 0.0215517 0.986559 0.978448 0.986559 1 1 0.0215517 1 0.978448 1 0 1 0.0215517 1 0.978448 1 1 0.0134409 0.0215517 0.0134409 0.978448 0.0134409 0 0.0134409 0.0215517 0.0134409 0.978448 0.0134409 1 0.986559 0.0215517 0.986559 0.978448 0.986559 0 0.986559 0.0215517 0.986559 0.978448 0.986559 1 0 0.0215517 0 0.978448 0 0 0 0.0215517 0 0.978448 0 1 0.0134409 0.0215517 0.0134409 0.978448 0.0134409 0 0.0134409 0.0215517 0.0134409 0.978448 0.0134409 1 0.986559 0.0215517 0.986559 0.978448 0.986559 0 0.986559 0.0215517 0.986559 0.978448 0.986559 1 1 0.0215517 1 0.978448 1 0 1 0.0215517 1 0.978448 1 1 </float_array>
     <technique_common>
      <accessor source="#ID59-array" count="216" stride="2">
       <param name="S" type="float"/>
       <param name="T" type="float"/>
      </accessor>
     </technique_common>
    </source>
    <vertices id="geometrySource54-vertices">
     <input semantic="POSITION" source="#geometrySource54"/>
     <input semantic="NORMAL" source="#geometrySource56"/>
    </vertices>
    <triangles count="108" material="geometryElement60">
     <input semantic="VERTEX" offset="0" source="#geometrySource54-vertices"/>
     <input semantic="NORMAL" offset="0" source="#geometrySource56"/>
     <input semantic="TEXCOORD" offset="0" source="#geometrySource58" set="1"/>
     <p>0 7 1 0 6 7 2 9 3 2 8 9 4 11 5 4 10 11 12 19 13 12 18 19 14 21 15 14 20 21 16 23 17 16 22 23 24 31 25 24 30 31 26 33 27 26 32 33 28 35 29 28 34 35 36 43 37 36 42 43 38 45 39 38 44 45 40 47 41 40 46 47 48 55 49 48 54 55 50 57 51 50 56 57 52 59 53 52 58 59 60 67 61 60 66 67 62 69 63 62 68 69 64 71 65 64 70 71 72 79 73 72 78 79 74 81 75 74 80 81 76 83 77 76 82 83 84 91 85 84 90 91 86 93 87 86 92 93 88 95 89 88 94 95 96 103 97 96 102 103 98 105 99 98 104 105 100 107 101 100 106 107 108 115 109 108 114 115 110 117 111 110 116 117 112 119 113 112 118 119 120 127 121 120 126 127 122 129 123 122 128 129 124 131 125 124 130 131 132 139 133 132 138 139 134 141 135 134 140 141 136 143 137 136 142 143 144 151 145 144 150 151 146 153 147 146 152 153 148 155 149 148 154 155 156 163 157 156 162 163 158 165 159 158 164 165 160 167 161 160 166 167 168 175 169 168 174 175 170 177 171 170 176 177 172 179 173 172 178 179 180 187 181 180 186 187 182 189 183 182 188 189 184 191 185 184 190 191 192 199 193 192 198 199 194 201 195 194 200 201 196 203 197 196 202 203 204 211 205 204 210 211 206 213 207 206 212 213 208 215 209 208 214 215 </p>
    </triangles>
   </mesh>
  </geometry>
  <geometry id="geometry61">
   <mesh>
    <source id="geometrySource62">
     <float_array id="ID63-array" count="648">-0.905 -0.36 0.06 -0.905 0.36 0.06 -0.905 -0.377678 0.0526777 -0.905 -0.36 0.06 -0.905 0.36 0.06 -0.905 0.377678 0.0526777 0.905 -0.36 0.06 0.905 0.36 0.06 0.905 -0.377678 0.0526777 0.905 -0.36 0.06 0.905 0.36 0.06 0.905 0.377678 0.0526777 -0.922678 -0.36 0.0526777 -0.922678 0.36 0.0526777 -0.919434 -0.374434 0.0494338 -0.922678 -0.36 0.0526777 -0.922678 0.36 0.0526777 -0.919434 0.374434 0.0494338 -0.905 -0.36 0.06 -0.905 0.36 0.06 -0.905 -0.377678 0.0526777 -0.905 -0.36 0.06 -0.905 0.36 0.06 -0.905 0.377678 0.0526777 0.905 -0.36 0.06 0.905 0.36 0.06 0.905 -0.377678 0.0526777 0.905 -0.36 0.06 0.905 0.36 0.06 0.905 0.377678 0.0526777 0.922678 -0.36 0.0526777 0.922678 0.36 0.0526777 0.919434 -0.374434 0.0494338 0.922678 -0.36 0.0526777 0.922678 0.36 0.0526777 0.919434 0.374434 0.0494338 0.93 -0.36 0.035 0.93 0.36 0.035 0.922678 -0.377678 0.035 0.93 -0.36 0.035 0.93 0.36 0.035 0.922678 0.377678 0.035 0.93 -0.36 -0.0350001 0.93 0.36 -0.0350001 0.922678 -0.377678 -0.0350001 0.93 -0.36 -0.0350001 0.93 0.36 -0.0350001 0.922678 0.377678 -0.0350001 0.922678 -0.36 0.0526777 0.922678 0.36 0.0526777 0.919434 -0.374434 0.0494338 0.922678 -0.36 0.0526777 0.922678 0.36 0.0526777 0.919434 0.374434 0.0494338 0.93 -0.36 0.035 0.93 0.36 0.035 0.922678 -0.377678 0.035 0.93 -0.36 0.035 0.93 0.36 0.035 0.922678 0.377678 0.035 0.93 -0.36 -0.0350001 0.93 0.36 -0.0350001 0.922678 -0.377678 -0.0350001 0.93 -0.36 -0.0350001 0.93 0.36 -0.0350001 0.922678 0.377678 -0.0350001 0.922678 -0.36 -0.0526778 0.922678 0.36 -0.0526778 0.919434 -0.374434 -0.0494338 0.922678 -0.36 -0.0526778 0.922678 0.36 -0.0526778 0.919434 0.374434 -0.0494338 0.905 -0.36 -0.0600002 0.905 0.36 -0.0600002 0.905 -0.377678 -0.0526778 0.905 -0.36 -0.0600002 0.905 0.36 -0.0600002 0.905 0.377678 -0.0526778 -0.905 -0.36 -0.06 -0.905 0.36 -0.06 -0.905 -0.377678 -0.0526777 -0.905 -0.36 -0.06 -0.905 0.36 -0.06 -0.905 0.377678 -0.0526777 0.922678 -0.36 -0.0526778 0.922678 0.36 -0.0526778 0.919434 -0.374434 -0.0494339 0.922678 -0.36 -0.0526778 0.922678 0.36 -0.0526778 0.919434 0.374434 -0.0494339 0.905 -0.36 -0.0600002 0.905 0.36 -0.0600002 0.905 -0.377678 -0.0526778 0.905 -0.36 -0.0600002 0.905 0.36 -0.0600002 0.905 0.377678 -0.0526778 -0.905 -0.36 -0.06 -0.905 0.36 -0.06 -0.905 -0.377678 -0.0526777 -0.905 -0.36 -0.06 -0.905 0.36 -0.06 -0.905 0.377678 -0.0526777 -0.922678 -0.36 -0.0526777 -0.922678 0.36 -0.0526777 -0.919434 -0.374434 -0.0494338 -0.922678 -0.36 -0.0526777 -0.922678 0.36 -0.0526777 -0.919434 0.374434 -0.0494338 -0.93 -0.36 -0.035 -0.93 0.36 -0.035 -0.922678 -0.377678 -0.035 -0.93 -0.36 -0.035 -0.93 0.36 -0.035 -0.922678 0.377678 -0.035 -0.93 -0.36 0.035 -0.93 0.36 0.035 -0.922678 -0.377678 0.035 -0.93 -0.36 0.035 -0.93 0.36 0.035 -0.922678 0.377678 0.035 -0.922678 -0.36 -0.0526777 -0.922678 0.36 -0.0526777 -0.919434 -0.374434 -0.0494338 -0.922678 -0.36 -0.0526777 -0.922678 0.36 -0.0526777 -0.919434 0.374434 -0.0494338 -0.93 -0.36 -0.035 -0.93 0.36 -0.035 -0.922678 -0.377678 -0.035 -0.93 -0.36 -0.035 -0.93 0.36 -0.035 -0.922678 0.377678 -0.035 -0.93 -0.36 0.035 -0.93 0.36 0.035 -0.922678 -0.377678 0.035 -0.93 -0.36 0.035 -0.93 0.36 0.035 -0.922678 0.377678 0.035 -0.922678 -0.36 0.0526777 -0.922678 0.36 0.0526777 -0.919434 -0.374434 0.0494338 -0.922678 -0.36 0.0526777 -0.922678 0.36 0.0526777 -0.919434 0.374434 0.0494338 -0.905 0.385 0.035 -0.905 0.385 -0.035 -0.905 0.377678 0.0526777 -0.905 0.385 0.035 -0.905 0.385 -0.035 -0.905 0.377678 -0.0526777 0.905 0.385 0.035 0.905 0.385 -0.035 0.905 0.377678 0.0526777 0.905 0.385 0.035 0.905 0.385 -0.035 0.905 0.377678 -0.0526777 -0.922678 0.377678 0.035 -0.922678 0.377678 -0.035 -0.919434 0.374434 0.0494338 -0.922678 0.377678 0.035 -0.922678 0.377678 -0.035 -0.919434 0.374434 -0.0494338 -0.905 0.385 0.035 -0.905 0.385 -0.035 -0.905 0.377678 0.0526777 -0.905 0.385 0.035 -0.905 0.385 -0.035 -0.905 0.377678 -0.0526777 0.905 0.385 0.035 0.905 0.385 -0.035 0.905 0.377678 0.0526777 0.905 0.385 0.035 0.905 0.385 -0.035 0.905 0.377678 -0.0526777 0.922678 0.377678 0.035 0.922678 0.377678 -0.035 0.919434 0.374434 0.0494338 0.922678 0.377678 0.035 0.922678 0.377678 -0.035 0.919434 0.374434 -0.0494338 -0.905 -0.385 -0.035 -0.905 -0.385 0.035 -0.905 -0.377678 -0.0526777 -0.905 -0.385 -0.035 -0.905 -0.385 0.035 -0.905 -0.377678 0.0526776 0.905 -0.385 -0.035 0.905 -0.385 0.035 0.905 -0.377678 -0.0526777 0.905 -0.385 -0.035 0.905 -0.385 0.035 0.905 -0.377678 0.0526776 -0.922678 -0.377678 -0.035 -0.922678 -0.377678 0.035 -0.919434 -0.374434 -0.0494338 -0.922678 -0.377678 -0.035 -0.922678 -0.377678 0.035 -0.919434 -0.374434 0.0494337 -0.905 -0.385 -0.035 -0.905 -0.385 0.035 -0.905 -0.377678 -0.0526777 -0.905 -0.385 -0.035 -0.905 -0.385 0.035 -0.905 -0.377678 0.0526776 0.905 -0.385 -0.035 0.905 -0.385 0.035 0.905 -0.377678 -0.0526777 0.905 -0.385 -0.035 0.905 -0.385 0.035 0.905 -0.377678 0.0526776 0.922678 -0.377678 -0.035 0.922678 -0.377678 0.035 0.919434 -0.374434 -0.0494338 0.922678 -0.377678 -0.035 0.922678 -0.377678 0.035 0.919434 -0.374434 0.0494337 </float_array>
     <technique_common>
      <accessor source="#ID63-array" count="216" stride="3">
       <param name="X" type="float"/>
       <param name="Y" type="float"/>
       <param name="Z" type="float"/>
      </accessor>
     </technique_common>
    </source>
    <source id="geometrySource64">
     <float_array id="ID65-array" count="648">0 0 1 0 0 1 0 -0.707107 0.707107 0 0 1 0 0 1 0 0.707107 0.707107 0 0 1 0 0 1 0 -0.707107 0.707107 0 0 1 0 0 1 0 0.707107 0.707107 -0.707107 0 0.707107 -0.707107 0 0.707107 -0.57735 -0.57735 0.57735 -0.707107 0 0.707107 -0.707107 0 0.707107 -0.57735 0.57735 0.57735 0 0 1 0 0 1 0 -0.707107 0.707107 0 0 1 0 0 1 0 0.707107 0.707107 0 0 1 0 0 1 0 -0.707107 0.707107 0 0 1 0 0 1 0 0.707107 0.707107 0.707107 0 0.707107 0.707107 0 0.707107 0.57735 -0.57735 0.57735 0.707107 0 0.707107 0.707107 0 0.707107 0.57735 0.57735 0.57735 1 0 -4.37114e-08 1 0 -4.37114e-08 0.707107 -0.707107 -3.09086e-08 1 0 -4.37114e-08 1 0 -4.37114e-08 0.707107 0.707107 -3.09086e-08 1 0 -4.37114e-08 1 0 -4.37114e-08 0.707107 -0.707107 -3.09086e-08 1 0 -4.37114e-08 1 0 -4.37114e-08 0.707107 0.707107 -3.09086e-08 0.707107 0 0.707107 0.707107 0 0.707107 0.57735 -0.57735 0.57735 0.707107 0 0.707107 0.707107 0 0.707107 0.57735 0.57735 0.57735 1 0 -4.37114e-08 1 0 -4.37114e-08 0.707107 -0.707107 -3.09086e-08 1 0 -4.37114e-08 1 0 -4.37114e-08 0.707107 0.707107 -3.09086e-08 1 0 -4.37114e-08 1 0 -4.37114e-08 0.707107 -0.707107 -3.09086e-08 1 0 -4.37114e-08 1 0 -4.37114e-08 0.707107 0.707107 -3.09086e-08 0.707107 0 -0.707107 0.707107 0 -0.707107 0.57735 -0.57735 -0.57735 0.707107 0 -0.707107 0.707107 0 -0.707107 0.57735 0.57735 -0.57735 -8.74228e-08 0 -1 -8.74228e-08 0 -1 -6.18172e-08 -0.707107 -0.707107 -8.74228e-08 0 -1 -8.74228e-08 0 -1 -6.18172e-08 0.707107 -0.707107 -8.74228e-08 0 -1 -8.74228e-08 0 -1 -6.18172e-08 -0.707107 -0.707107 -8.74228e-08 0 -1 -8.74228e-08 0 -1 -6.18172e-08 0.707107 -0.707107 0.707107 0 -0.707107 0.707107 0 -0.707107 0.57735 -0.57735 -0.57735 0.707107 0 -0.707107 0.707107 0 -0.707107 0.57735 0.57735 -0.57735 -8.74228e-08 0 -1 -8.74228e-08 0 -1 -6.18172e-08 -0.707107 -0.707107 -8.74228e-08 0 -1 -8.74228e-08 0 -1 -6.18172e-08 0.707107 -0.707107 -8.74228e-08 0 -1 -8.74228e-08 0 -1 -6.18172e-08 -0.707107 -0.707107 -8.74228e-08 0 -1 -8.74228e-08 0 -1 -6.18172e-08 0.707107 -0.707107 -0.707107 0 -0.707107 -0.707107 0 -0.707107 -0.57735 -0.57735 -0.57735 -0.707107 0 -0.707107 -0.707107 0 -0.707107 -0.57735 0.57735 -0.57735 -1 0 1.19249e-08 -1 0 1.19249e-08 -0.707107 -0.707107 8.43216e-09 -1 0 1.19249e-08 -1 0 1.19249e-08 -0.707107 0.707107 8.43216e-09 -1 0 1.19249e-08 -1 0 1.19249e-08 -0.707107 -0.707107 8.43216e-09 -1 0 1.19249e-08 -1 0 1.19249e-08 -0.707107 0.707107 8.43216e-09 -0.707107 0 -0.707107 -0.707107 0 -0.707107 -0.57735 -0.57735 -0.57735 -0.707107 0 -0.707107 -0.707107 0 -0.707107 -0.57735 0.57735 -0.57735 -1 0 1.19249e-08 -1 0 1.19249e-08 -0.707107 -0.707107 8.43216e-09 -1 0 1.19249e-08 -1 0 1.19249e-08 -0.707107 0.707107 8.43216e-09 -1 0 1.19249e-08 -1 0 1.19249e-08 -0.707107 -0.707107 8.43216e-09 -1 0 1.19249e-08 -1 0 1.19249e-08 -0.707107 0.707107 8.43216e-09 -0.707107 0 0.707107 -0.707107 0 0.707107 -0.57735 -0.57735 0.57735 -0.707107 0 0.707107 -0.707107 0 0.707107 -0.57735 0.57735 0.57735 0 1 -4.37114e-08 0 1 -4.37114e-08 0 0.707107 0.707107 0 1 -4.37114e-08 0 1 -4.37114e-08 0 0.707107 -0.707107 0 1 -4.37114e-08 0 1 -4.37114e-08 0 0.707107 0.707107 0 1 -4.37114e-08 0 1 -4.37114e-08 0 0.707107 -0.707107 -0.707107 0.707107 -3.09086e-08 -0.707107 0.707107 -3.09086e-08 -0.57735 0.57735 0.57735 -0.707107 0.707107 -3.09086e-08 -0.707107 0.707107 -3.09086e-08 -0.57735 0.57735 -0.57735 0 1 -4.37114e-08 0 1 -4.37114e-08 0 0.707107 0.707107 0 1 -4.37114e-08 0 1 -4.37114e-08 0 0.707107 -0.707107 0 1 -4.37114e-08 0 1 -4.37114e-08 0 0.707107 0.707107 0 1 -4.37114e-08 0 1 -4.37114e-08 0 0.707107 -0.707107 0.707107 0.707107 -3.09086e-08 0.707107 0.707107 -3.09086e-08 0.57735 0.57735 0.57735 0.707107 0.707107 -3.09086e-08 0.707107 0.707107 -3.09086e-08 0.57735 0.57735 -0.57735 0 -1 -4.37114e-08 0 -1 -4.37114e-08 0 -0.707107 -0.707107 0 -1 -4.37114e-08 0 -1 -4.37114e-08 0 -0.707107 0.707107 0 -1 -4.37114e-08 0 -1 -4.37114e-08 0 -0.707107 -0.707107 0 -1 -4.37114e-08 0 -1 -4.37114e-08 0 -0.707107 0.707107 -0.707107 -0.707107 -3.09086e-08 -0.707107 -0.707107 -3.09086e-08 -0.57735 -0.57735 -0.57735 -0.707107 -0.707107 -3.09086e-08 -0.707107 -0.707107 -3.09086e-08 -0.57735 -0.57735 0.57735 0 -1 -4.37114e-08 0 -1 -4.37114e-08 0 -0.707107 -0.707107 0 -1 -4.37114e-08 0 -1 -4.37114e-08 0 -0.707107 0.707107 0 -1 -4.37114e-08 0 -1 -4.37114e-08 0 -0.707107 -0.707107 0 -1 -4.37114e-08 0 -1 -4.37114e-08 0 -0.707107 0.707107 0.707107 -0.707107 -3.09086e-08 0.707107 -0.707107 -3.09086e-08 0.57735 -0.57735 -0.57735 0.707107 -0.707107 -3.09086e-08 0.707107 -0.707107 -3.09086e-08 0.57735 -0.57735 0.57735 </float_array>
     <technique_common>
      <accessor source="#ID65-array" count="216" stride="3">
       <param name="X" type="float"/>
       <param name="Y" type="float"/>
       <param name="Z" type="float"/>
      </accessor>
     </technique_common>
    </source>
    <source id="geometrySource66">
     <float_array id="ID67-array" count="432">0.0134409 0.0324675 0.0134409 0.967532 0.0134409 0 0.0134409 0.0324675 0.0134409 0.967532 0.0134409 1 0.986559 0.0324675 0.986559 0.967532 0.986559 0 0.986559 0.0324675 0.986559 0.967532 0.986559 1 0 0.0324675 0 0.967532 0 0 0 0.0324675 0 0.967532 0 1 0.0134409 0.0324675 0.0134409 0.967532 0.0134409 0 0.0134409 0.0324675 0.0134409 0.967532 0.0134409 1 0.986559 0.0324675 0.986559 0.967532 0.986559 0 0.986559 0.0324675 0.986559 0.967532 0.986559 1 1 0.0324675 1 0.967532 1 0 1 0.0324675 1 0.967532 1 1 0.208333 0.0324675 0.208333 0.967532 0.208333 0 0.208333 0.0324675 0.208333 0.967532 0.208333 1 0.791667 0.0324675 0.791667 0.967532 0.791667 0 0.791667 0.0324675 0.791667 0.967532 0.791667 1 0 0.0324675 0 0.967532 0 0 0 0.0324675 0 0.967532 0 1 0.208333 0.0324675 0.208333 0.967532 0.208333 0 0.208333 0.0324675 0.208333 0.967532 0.208333 1 0.791667 0.0324675 0.791667 0.967532 0.791667 0 0.791667 0.0324675 0.791667 0.967532 0.791667 1 1 0.0324675 1 0.967532 1 0 1 0.0324675 1 0.967532 1 1 0.0134409 0.0324675 0.0134409 0.967532 0.0134409 0 0.0134409 0.0324675 0.0134409 0.967532 0.0134409 1 0.986559 0.0324675 0.986559 0.967532 0.986559 0 0.986559 0.0324675 0.986559 0.967532 0.986559 1 0 0.0324675 0 0.967532 0 0 0 0.0324675 0 0.967532 0 1 0.0134409 0.0324675 0.0134409 0.967532 0.0134409 0 0.0134409 0.0324675 0.0134409 0.967532 0.0134409 1 0.986559 0.0324675 0.986559 0.967532 0.986559 0 0.986559 0.0324675 0.986559 0.967532 0.986559 1 1 0.0324675 1 0.967532 1 0 1 0.0324675 1 0.967532 1 1 0.208333 0.0324675 0.208333 0.967532 0.208333 0 0.208333 0.0324675 0.208333 0.967532 0.208333 1 0.791667 0.0324675 0.791667 0.967532 0.791667 0 0.791667 0.0324675 0.791667 0.967532 0.791667 1 0 0.0324675 0 0.967532 0 0 0 0.0324675 0 0.967532 0 1 0.208333 0.0324675 0.208333 0.967532 0.208333 0 0.208333 0.0324675 0.208333 0.967532 0.208333 1 0.791667 0.0324675 0.791667 0.967532 0.791667 0 0.791667 0.0324675 0.791667 0.967532 0.791667 1 1 0.0324675 1 0.967532 1 0 1 0.0324675 1 0.967532 1 1 0.0134409 0.208333 0.0134409 0.791667 0.0134409 0 0.0134409 0.208333 0.0134409 0.791667 0.0134409 1 0.986559 0.208333 0.986559 0.791667 0.986559 0 0.986559 0.208333 0.986559 0.791667 0.986559 1 0 0.208333 0 0.791667 0 0 0 0.208333 0 0.791667 0 1 0.0134409 0.208333 0.0134409 0.791667 0.0134409 0 0.0134409 0.208333 0.0134409 0.791667 0.0134409 1 0.986559 0.208333 0.986559 0.791667 0.986559 0 0.986559 0.208333 0.986559 0.791667 0.986559 1 1 0.208333 1 0.791667 1 0 1 0.208333 1 0.791667 1 1 0.0134409 0.208333 0.0134409 0.791667 0.0134409 0 0.0134409 0.208333 0.0134409 0.791667 0.0134409 1 0.986559 0.208333 0.986559 0.791667 0.986559 0 0.986559 0.208333 0.986559 0.791667 0.986559 1 0 0.208333 0 0.791667 0 0 0 0.208333 0 0.791667 0 1 0.0134409 0.208333 0.0134409 0.791667 0.0134409 0 0.0134409 0.208333 0.0134409 0.791667 0.0134409 1 0.986559 0.208333 0.986559 0.791667 0.986559 0 0.986559 0.208333 0.986559 0.791667 0.986559 1 1 0.208333 1 0.791667 1 0 1 0.208333 1 0.791667 1 1 </float_array>
     <technique_common>
      <accessor source="#ID67-array" count="216" stride="2">
       <param name="S" type="float"/>
       <param name="T" type="float"/>
      </accessor>
     </technique_common>
    </source>
    <vertices id="geometrySource62-vertices">
     <input semantic="POSITION" source="#geometrySource62"/>
     <input semantic="NORMAL" source="#geometrySource64"/>
    </vertices>
    <triangles count="108" material="geometryElement68">
     <input semantic="VERTEX" offset="0" source="#geometrySource62-vertices"/>
     <input semantic="NORMAL" offset="0" source="#geometrySource64"/>
     <input semantic="TEXCOORD" offset="0" source="#geometrySource66" set="1"/>
     <p>0 7 1 0 6 7 2 9 3 2 8 9 4 11 5 4 10 11 12 19 13 12 18 19 14 21 15 14 20 21 16 23 17 16 22 23 24 31 25 24 30 31 26 33 27 26 32 33 28 35 29 28 34 35 36 43 37 36 42 43 38 45 39 38 44 45 40 47 41 40 46 47 48 55 49 48 54 55 50 57 51 50 56 57 52 59 53 52 58 59 60 67 61 60 66 67 62 69 63 62 68 69 64 71 65 64 70 71 72 79 73 72 78 79 74 81 75 74 80 81 76 83 77 76 82 83 84 91 85 84 90 91 86 93 87 86 92 93 88 95 89 88 94 95 96 103 97 96 102 103 98 105 99 98 104 105 100 107 101 100 106 107 108 115 109 108 114 115 110 117 111 110 116 117 112 119 113 112 118 119 120 127 121 120 126 127 122 129 123 122 128 129 124 131 125 124 130 131 132 139 133 132 138 139 134 141 135 134 140 141 136 143 137 136 142 143 144 151 145 144 150 151 146 153 147 146 152 153 148 155 149 148 154 155 156 163 157 156 162 163 158 165 159 158 164 165 160 167 161 160 166 167 168 175 169 168 174 175 170 177 171 170 176 177 172 179 173 172 178 179 180 187 181 180 186 187 182 189 183 182 188 189 184 191 185 184 190 191 192 199 193 192 198 199 194 201 195 194 200 201 196 203 197 196 202 203 204 211 205 204 210 211 206 213 207 206 212 213 208 215 209 208 214 215 </p>
    </triangles>
   </mesh>
  </geometry>
  <geometry id="geometry69">
   <mesh>
    <triangles count="108" material="geometryElement68">
     <input semantic="VERTEX" offset="0" source="#geometrySource62-vertices"/>
     <input semantic="NORMAL" offset="0" source="#geometrySource64"/>
     <input semantic="TEXCOORD" offset="0" source="#geometrySource66" set="1"/>
     <p>0 7 1 0 6 7 2 9 3 2 8 9 4 11 5 4 10 11 12 19 13 12 18 19 14 21 15 14 20 21 16 23 17 16 22 23 24 31 25 24 30 31 26 33 27 26 32 33 28 35 29 28 34 35 36 43 37 36 42 43 38 45 39 38 44 45 40 47 41 40 46 47 48 55 49 48 54 55 50 57 51 50 56 57 52 59 53 52 58 59 60 67 61 60 66 67 62 69 63 62 68 69 64 71 65 64 70 71 72 79 73 72 78 79 74 81 75 74 80 81 76 83 77 76 82 83 84 91 85 84 90 91 86 93 87 86 92 93 88 95 89 88 94 95 96 103 97 96 102 103 98 105 99 98 104 105 100 107 101 100 106 107 108 115 109 108 114 115 110 117 111 110 116 117 112 119 113 112 118 119 120 127 121 120 126 127 122 129 123 122 128 129 124 131 125 124 130 131 132 139 133 132 138 139 134 141 135 134 140 141 136 143 137 136 142 143 144 151 145 144 150 151 146 153 147 146 152 153 148 155 149 148 154 155 156 163 157 156 162 163 158 165 159 158 164 165 160 167 161 160 166 167 168 175 169 168 174 175 170 177 171 170 176 177 172 179 173 172 178 179 180 187 181 180 186 187 182 189 183 182 188 189 184 191 185 184 190 191 192 199 193 192 198 199 194 201 195 194 200 201 196 203 197 196 202 203 204 211 205 204 210 211 206 213 207 206 212 213 208 215 209 208 214 215 </p>
    </triangles>
   </mesh>
  </geometry>
  <geometry id="geometry70">
   <mesh>
    <source id="geometrySource71">
     <float_array id="ID72-array" count="648">-0.035 -0.36 0.52 -0.035 0.36 0.52 -0.035 -0.377678 0.512678 -0.035 -0.36 0.52 -0.035 0.36 0.52 -0.035 0.377678 0.512678 0.035 -0.36 0.52 0.035 0.36 0.52 0.035 -0.377678 0.512678 0.035 -0.36 0.52 0.035 0.36 0.52 0.035 0.377678 0.512678 -0.0526777 -0.36 0.512678 -0.0526777 0.36 0.512678 -0.0494338 -0.374434 0.509434 -0.0526777 -0.36 0.512678 -0.0526777 0.36 0.512678 -0.0494338 0.374434 0.509434 -0.035 -0.36 0.52 -0.035 0.36 0.52 -0.035 -0.377678 0.512678 -0.035 -0.36 0.52 -0.035 0.36 0.52 -0.035 0.377678 0.512678 0.035 -0.36 0.52 0.035 0.36 0.52 0.035 -0.377678 0.512678 0.035 -0.36 0.52 0.035 0.36 0.52 0.035 0.377678 0.512678 0.0526777 -0.36 0.512678 0.0526777 0.36 0.512678 0.0494338 -0.374434 0.509434 0.0526777 -0.36 0.512678 0.0526777 0.36 0.512678 0.0494338 0.374434 0.509434 0.06 -0.36 0.495 0.06 0.36 0.495 0.0526777 -0.377678 0.495 0.06 -0.36 0.495 0.06 0.36 0.495 0.0526777 0.377678 0.495 0.06 -0.36 -0.495 0.06 0.36 -0.495 0.0526776 -0.377678 -0.495 0.06 -0.36 -0.495 0.06 0.36 -0.495 0.0526776 0.377678 -0.495 0.0526777 -0.36 0.512678 0.0526777 0.36 0.512678 0.0494338 -0.374434 0.509434 0.0526777 -0.36 0.512678 0.0526777 0.36 0.512678 0.0494338 0.374434 0.509434 0.06 -0.36 0.495 0.06 0.36 0.495 0.0526777 -0.377678 0.495 0.06 -0.36 0.495 0.06 0.36 0.495 0.0526777 0.377678 0.495 0.06 -0.36 -0.495 0.06 0.36 -0.495 0.0526776 -0.377678 -0.495 0.06 -0.36 -0.495 0.06 0.36 -0.495 0.0526776 0.377678 -0.495 0.0526776 -0.36 -0.512678 0.0526776 0.36 -0.512678 0.0494337 -0.374434 -0.509434 0.0526776 -0.36 -0.512678 0.0526776 0.36 -0.512678 0.0494337 0.374434 -0.509434 0.0349999 -0.36 -0.52 0.0349999 0.36 -0.52 0.0349999 -0.377678 -0.512678 0.0349999 -0.36 -0.52 0.0349999 0.36 -0.52 0.0349999 0.377678 -0.512678 -0.035 -0.36 -0.52 -0.035 0.36 -0.52 -0.035 -0.377678 -0.512678 -0.035 -0.36 -0.52 -0.035 0.36 -0.52 -0.035 0.377678 -0.512678 0.0526776 -0.36 -0.512678 0.0526776 0.36 -0.512678 0.0494337 -0.374434 -0.509434 0.0526776 -0.36 -0.512678 0.0526776 0.36 -0.512678 0.0494337 0.374434 -0.509434 0.0349999 -0.36 -0.52 0.0349999 0.36 -0.52 0.0349999 -0.377678 -0.512678 0.0349999 -0.36 -0.52 0.0349999 0.36 -0.52 0.0349999 0.377678 -0.512678 -0.035 -0.36 -0.52 -0.035 0.36 -0.52 -0.035 -0.377678 -0.512678 -0.035 -0.36 -0.52 -0.035 0.36 -0.52 -0.035 0.377678 -0.512678 -0.0526777 -0.36 -0.512678 -0.0526777 0.36 -0.512678 -0.0494338 -0.374434 -0.509434 -0.0526777 -0.36 -0.512678 -0.0526777 0.36 -0.512678 -0.0494338 0.374434 -0.509434 -0.06 -0.36 -0.495 -0.06 0.36 -0.495 -0.0526777 -0.377678 -0.495 -0.06 -0.36 -0.495 -0.06 0.36 -0.495 -0.0526777 0.377678 -0.495 -0.06 -0.36 0.495 -0.06 0.36 0.495 -0.0526777 -0.377678 0.495 -0.06 -0.36 0.495 -0.06 0.36 0.495 -0.0526777 0.377678 0.495 -0.0526777 -0.36 -0.512678 -0.0526777 0.36 -0.512678 -0.0494338 -0.374434 -0.509434 -0.0526777 -0.36 -0.512678 -0.0526777 0.36 -0.512678 -0.0494338 0.374434 -0.509434 -0.06 -0.36 -0.495 -0.06 0.36 -0.495 -0.0526777 -0.377678 -0.495 -0.06 -0.36 -0.495 -0.06 0.36 -0.495 -0.0526777 0.377678 -0.495 -0.06 -0.36 0.495 -0.06 0.36 0.495 -0.0526777 -0.377678 0.495 -0.06 -0.36 0.495 -0.06 0.36 0.495 -0.0526777 0.377678 0.495 -0.0526777 -0.36 0.512678 -0.0526777 0.36 0.512678 -0.0494337 -0.374434 0.509434 -0.0526777 -0.36 0.512678 -0.0526777 0.36 0.512678 -0.0494337 0.374434 0.509434 -0.035 0.385 0.495 -0.035 0.385 -0.495 -0.035 0.377678 0.512678 -0.035 0.385 0.495 -0.035 0.385 -0.495 -0.035 0.377678 -0.512678 0.035 0.385 0.495 0.035 0.385 -0.495 0.035 0.377678 0.512678 0.035 0.385 0.495 0.035 0.385 -0.495 0.035 0.377678 -0.512678 -0.0526777 0.377678 0.495 -0.0526777 0.377678 -0.495 -0.0494338 0.374434 0.509434 -0.0526777 0.377678 0.495 -0.0526777 0.377678 -0.495 -0.0494338 0.374434 -0.509434 -0.035 0.385 0.495 -0.035 0.385 -0.495 -0.035 0.377678 0.512678 -0.035 0.385 0.495 -0.035 0.385 -0.495 -0.035 0.377678 -0.512678 0.035 0.385 0.495 0.035 0.385 -0.495 0.035 0.377678 0.512678 0.035 0.385 0.495 0.035 0.385 -0.495 0.035 0.377678 -0.512678 0.0526777 0.377678 0.495 0.0526777 0.377678 -0.495 0.0494338 0.374434 0.509434 0.0526777 0.377678 0.495 0.0526777 0.377678 -0.495 0.0494338 0.374434 -0.509434 -0.035 -0.385 -0.495 -0.035 -0.385 0.495 -0.035 -0.377678 -0.512678 -0.035 -0.385 -0.495 -0.035 -0.385 0.495 -0.035 -0.377678 0.512678 0.035 -0.385 -0.495 0.035 -0.385 0.495 0.035 -0.377678 -0.512678 0.035 -0.385 -0.495 0.035 -0.385 0.495 0.035 -0.377678 0.512678 -0.0526777 -0.377678 -0.495 -0.0526777 -0.377678 0.495 -0.0494338 -0.374434 -0.509434 -0.0526777 -0.377678 -0.495 -0.0526777 -0.377678 0.495 -0.0494338 -0.374434 0.509434 -0.035 -0.385 -0.495 -0.035 -0.385 0.495 -0.035 -0.377678 -0.512678 -0.035 -0.385 -0.495 -0.035 -0.385 0.495 -0.035 -0.377678 0.512678 0.035 -0.385 -0.495 0.035 -0.385 0.495 0.035 -0.377678 -0.512678 0.035 -0.385 -0.495 0.035 -0.385 0.495 0.035 -0.377678 0.512678 0.0526777 -0.377678 -0.495 0.0526777 -0.377678 0.495 0.0494338 -0.374434 -0.509434 0.0526777 -0.377678 -0.495 0.0526777 -0.377678 0.495 0.0494338 -0.374434 0.509434 </float_array>
     <technique_common>
      <accessor source="#ID72-array" count="216" stride="3">
       <param name="X" type="float"/>
       <param name="Y" type="float"/>
       <param name="Z" type="float"/>
      </accessor>
     </technique_common>
    </source>
    <source id="geometrySource73">
     <float_array id="ID74-array" count="648">0 0 1 0 0 1 0 -0.707107 0.707107 0 0 1 0 0 1 0 0.707107 0.707107 0 0 1 0 0 1 0 -0.707107 0.707107 0 0 1 0 0 1 0 0.707107 0.707107 -0.707107 0 0.707107 -0.707107 0 0.707107 -0.57735 -0.57735 0.57735 -0.707107 0 0.707107 -0.707107 0 0.707107 -0.57735 0.57735 0.57735 0 0 1 0 0 1 0 -0.707107 0.707107 0 0 1 0 0 1 0 0.707107 0.707107 0 0 1 0 0 1 0 -0.707107 0.707107 0 0 1 0 0 1 0 0.707107 0.707107 0.707107 0 0.707107 0.707107 0 0.707107 0.57735 -0.57735 0.57735 0.707107 0 0.707107 0.707107 0 0.707107 0.57735 0.57735 0.57735 1 0 -4.37114e-08 1 0 -4.37114e-08 0.707107 -0.707107 -3.09086e-08 1 0 -4.37114e-08 1 0 -4.37114e-08 0.707107 0.707107 -3.09086e-08 1 0 -4.37114e-08 1 0 -4.37114e-08 0.707107 -0.707107 -3.09086e-08 1 0 -4.37114e-08 1 0 -4.37114e-08 0.707107 0.707107 -3.09086e-08 0.707107 0 0.707107 0.707107 0 0.707107 0.57735 -0.57735 0.57735 0.707107 0 0.707107 0.707107 0 0.707107 0.57735 0.57735 0.57735 1 0 -4.37114e-08 1 0 -4.37114e-08 0.707107 -0.707107 -3.09086e-08 1 0 -4.37114e-08 1 0 -4.37114e-08 0.707107 0.707107 -3.09086e-08 1 0 -4.37114e-08 1 0 -4.37114e-08 0.707107 -0.707107 -3.09086e-08 1 0 -4.37114e-08 1 0 -4.37114e-08 0.707107 0.707107 -3.09086e-08 0.707107 0 -0.707107 0.707107 0 -0.707107 0.57735 -0.57735 -0.57735 0.707107 0 -0.707107 0.707107 0 -0.707107 0.57735 0.57735 -0.57735 -8.74228e-08 0 -1 -8.74228e-08 0 -1 -6.18172e-08 -0.707107 -0.707107 -8.74228e-08 0 -1 -8.74228e-08 0 -1 -6.18172e-08 0.707107 -0.707107 -8.74228e-08 0 -1 -8.74228e-08 0 -1 -6.18172e-08 -0.707107 -0.707107 -8.74228e-08 0 -1 -8.74228e-08 0 -1 -6.18172e-08 0.707107 -0.707107 0.707107 0 -0.707107 0.707107 0 -0.707107 0.57735 -0.57735 -0.57735 0.707107 0 -0.707107 0.707107 0 -0.707107 0.57735 0.57735 -0.57735 -8.74228e-08 0 -1 -8.74228e-08 0 -1 -6.18172e-08 -0.707107 -0.707107 -8.74228e-08 0 -1 -8.74228e-08 0 -1 -6.18172e-08 0.707107 -0.707107 -8.74228e-08 0 -1 -8.74228e-08 0 -1 -6.18172e-08 -0.707107 -0.707107 -8.74228e-08 0 -1 -8.74228e-08 0 -1 -6.18172e-08 0.707107 -0.707107 -0.707107 0 -0.707107 -0.707107 0 -0.707107 -0.57735 -0.57735 -0.57735 -0.707107 0 -0.707107 -0.707107 0 -0.707107 -0.57735 0.57735 -0.57735 -1 0 1.19249e-08 -1 0 1.19249e-08 -0.707107 -0.707107 8.43216e-09 -1 0 1.19249e-08 -1 0 1.19249e-08 -0.707107 0.707107 8.43216e-09 -1 0 1.19249e-08 -1 0 1.19249e-08 -0.707107 -0.707107 8.43216e-09 -1 0 1.19249e-08 -1 0 1.19249e-08 -0.707107 0.707107 8.43216e-09 -0.707107 0 -0.707107 -0.707107 0 -0.707107 -0.57735 -0.57735 -0.57735 -0.707107 0 -0.707107 -0.707107 0 -0.707107 -0.57735 0.57735 -0.57735 -1 0 1.19249e-08 -1 0 1.19249e-08 -0.707107 -0.707107 8.43216e-09 -1 0 1.19249e-08 -1 0 1.19249e-08 -0.707107 0.707107 8.43216e-09 -1 0 1.19249e-08 -1 0 1.19249e-08 -0.707107 -0.707107 8.43216e-09 -1 0 1.19249e-08 -1 0 1.19249e-08 -0.707107 0.707107 8.43216e-09 -0.707107 0 0.707107 -0.707107 0 0.707107 -0.57735 -0.57735 0.57735 -0.707107 0 0.707107 -0.707107 0 0.707107 -0.57735 0.57735 0.57735 0 1 -4.37114e-08 0 1 -4.37114e-08 0 0.707107 0.707107 0 1 -4.37114e-08 0 1 -4.37114e-08 0 0.707107 -0.707107 0 1 -4.37114e-08 0 1 -4.37114e-08 0 0.707107 0.707107 0 1 -4.37114e-08 0 1 -4.37114e-08 0 0.707107 -0.707107 -0.707107 0.707107 -3.09086e-08 -0.707107 0.707107 -3.09086e-08 -0.57735 0.57735 0.57735 -0.707107 0.707107 -3.09086e-08 -0.707107 0.707107 -3.09086e-08 -0.57735 0.57735 -0.57735 0 1 -4.37114e-08 0 1 -4.37114e-08 0 0.707107 0.707107 0 1 -4.37114e-08 0 1 -4.37114e-08 0 0.707107 -0.707107 0 1 -4.37114e-08 0 1 -4.37114e-08 0 0.707107 0.707107 0 1 -4.37114e-08 0 1 -4.37114e-08 0 0.707107 -0.707107 0.707107 0.707107 -3.09086e-08 0.707107 0.707107 -3.09086e-08 0.57735 0.57735 0.57735 0.707107 0.707107 -3.09086e-08 0.707107 0.707107 -3.09086e-08 0.57735 0.57735 -0.57735 0 -1 -4.37114e-08 0 -1 -4.37114e-08 0 -0.707107 -0.707107 0 -1 -4.37114e-08 0 -1 -4.37114e-08 0 -0.707107 0.707107 0 -1 -4.37114e-08 0 -1 -4.37114e-08 0 -0.707107 -0.707107 0 -1 -4.37114e-08 0 -1 -4.37114e-08 0 -0.707107 0.707107 -0.707107 -0.707107 -3.09086e-08 -0.707107 -0.707107 -3.09086e-08 -0.57735 -0.57735 -0.57735 -0.707107 -0.707107 -3.09086e-08 -0.707107 -0.707107 -3.09086e-08 -0.57735 -0.57735 0.57735 0 -1 -4.37114e-08 0 -1 -4.37114e-08 0 -0.707107 -0.707107 0 -1 -4.37114e-08 0 -1 -4.37114e-08 0 -0.707107 0.707107 0 -1 -4.37114e-08 0 -1 -4.37114e-08 0 -0.707107 -0.707107 0 -1 -4.37114e-08 0 -1 -4.37114e-08 0 -0.707107 0.707107 0.707107 -0.707107 -3.09086e-08 0.707107 -0.707107 -3.09086e-08 0.57735 -0.57735 -0.57735 0.707107 -0.707107 -3.09086e-08 0.707107 -0.707107 -3.09086e-08 0.57735 -0.57735 0.57735 </float_array>
     <technique_common>
      <accessor source="#ID74-array" count="216" stride="3">
       <param name="X" type="float"/>
       <param name="Y" type="float"/>
       <param name="Z" type="float"/>
      </accessor>
     </technique_common>
    </source>
    <source id="geometrySource75">
     <float_array id="ID76-array" count="432">0.208333 0.0324675 0.208333 0.967532 0.208333 0 0.208333 0.0324675 0.208333 0.967532 0.208333 1 0.791667 0.0324675 0.791667 0.967532 0.791667 0 0.791667 0.0324675 0.791667 0.967532 0.791667 1 0 0.0324675 0 0.967532 0 0 0 0.0324675 0 0.967532 0 1 0.208333 0.0324675 0.208333 0.967532 0.208333 0 0.208333 0.0324675 0.208333 0.967532 0.208333 1 0.791667 0.0324675 0.791667 0.967532 0.791667 0 0.791667 0.0324675 0.791667 0.967532 0.791667 1 1 0.0324675 1 0.967532 1 0 1 0.0324675 1 0.967532 1 1 0.0240385 0.0324675 0.0240385 0.967532 0.0240385 0 0.0240385 0.0324675 0.0240385 0.967532 0.0240385 1 0.975962 0.0324675 0.975962 0.967532 0.975962 0 0.975962 0.0324675 0.975962 0.967532 0.975962 1 0 0.0324675 0 0.967532 0 0 0 0.0324675 0 0.967532 0 1 0.0240385 0.0324675 0.0240385 0.967532 0.0240385 0 0.0240385 0.0324675 0.0240385 0.967532 0.0240385 1 0.975962 0.0324675 0.975962 0.967532 0.975962 0 0.975962 0.0324675 0.975962 0.967532 0.975962 1 1 0.0324675 1 0.967532 1 0 1 0.0324675 1 0.967532 1 1 0.208333 0.0324675 0.208333 0.967532 0.208333 0 0.208333 0.0324675 0.208333 0.967532 0.208333 1 0.791667 0.0324675 0.791667 0.967532 0.791667 0 0.791667 0.0324675 0.791667 0.967532 0.791667 1 0 0.0324675 0 0.967532 0 0 0 0.0324675 0 0.967532 0 1 0.208333 0.0324675 0.208333 0.967532 0.208333 0 0.208333 0.0324675 0.208333 0.967532 0.208333 1 0.791667 0.0324675 0.791667 0.967532 0.791667 0 0.791667 0.0324675 0.791667 0.967532 0.791667 1 1 0.0324675 1 0.967532 1 0 1 0.0324675 1 0.967532 1 1 0.0240385 0.0324675 0.0240385 0.967532 0.0240385 0 0.0240385 0.0324675 0.0240385 0.967532 0.0240385 1 0.975962 0.0324675 0.975962 0.967532 0.975962 0 0.975962 0.0324675 0.975962 0.967532 0.975962 1 0 0.0324675 0 0.967532 0 0 0 0.0324675 0 0.967532 0 1 0.0240385 0.0324675 0.0240385 0.967532 0.0240385 0 0.0240385 0.0324675 0.0240385 0.967532 0.0240385 1 0.975962 0.0324675 0.975962 0.967532 0.975962 0 0.975962 0.0324675 0.975962 0.967532 0.975962 1 1 0.0324675 1 0.967532 1 0 1 0.0324675 1 0.967532 1 1 0.208333 0.0240384 0.208333 0.975962 0.208333 0 0.208333 0.0240384 0.208333 0.975962 0.208333 1 0.791667 0.0240384 0.791667 0.975962 0.791667 0 0.791667 0.0240384 0.791667 0.975962 0.791667 1 0 0.0240384 0 0.975962 0 0 0 0.0240384 0 0.975962 0 1 0.208333 0.0240384 0.208333 0.975962 0.208333 0 0.208333 0.0240384 0.208333 0.975962 0.208333 1 0.791667 0.0240384 0.791667 0.975962 0.791667 0 0.791667 0.0240384 0.791667 0.975962 0.791667 1 1 0.0240384 1 0.975962 1 0 1 0.0240384 1 0.975962 1 1 0.208333 0.0240384 0.208333 0.975962 0.208333 0 0.208333 0.0240384 0.208333 0.975962 0.208333 1 0.791667 0.0240384 0.791667 0.975962 0.791667 0 0.791667 0.0240384 0.791667 0.975962 0.791667 1 0 0.0240384 0 0.975962 0 0 0 0.0240384 0 0.975962 0 1 0.208333 0.0240384 0.208333 0.975962 0.208333 0 0.208333 0.0240384 0.208333 0.975962 0.208333 1 0.791667 0.0240384 0.791667 0.975962 0.791667 0 0.791667 0.0240384 0.791667 0.975962 0.791667 1 1 0.0240384 1 0.975962 1 0 1 0.0240384 1 0.975962 1 1 </float_array>
     <technique_common>
      <accessor source="#ID76-array" count="216" stride="2">
       <param name="S" type="float"/>
       <param name="T" type="float"/>
      </accessor>
     </technique_common>
    </source>
    <vertices id="geometrySource71-vertices">
     <input semantic="POSITION" source="#geometrySource71"/>
     <input semantic="NORMAL" source="#geometrySource73"/>
    </vertices>
    <triangles count="108" material="geometryElement77">
     <input semantic="VERTEX" offset="0" source="#geometrySource71-vertices"/>
     <input semantic="NORMAL" offset="0" source="#geometrySource73"/>
     <input semantic="TEXCOORD" offset="0" source="#geometrySource75" set="1"/>
     <p>0 7 1 0 6 7 2 9 3 2 8 9 4 11 5 4 10 11 12 19 13 12 18 19 14 21 15 14 20 21 16 23 17 16 22 23 24 31 25 24 30 31 26 33 27 26 32 33 28 35 29 28 34 35 36 43 37 36 42 43 38 45 39 38 44 45 40 47 41 40 46 47 48 55 49 48 54 55 50 57 51 50 56 57 52 59 53 52 58 59 60 67 61 60 66 67 62 69 63 62 68 69 64 71 65 64 70 71 72 79 73 72 78 79 74 81 75 74 80 81 76 83 77 76 82 83 84 91 85 84 90 91 86 93 87 86 92 93 88 95 89 88 94 95 96 103 97 96 102 103 98 105 99 98 104 105 100 107 101 100 106 107 108 115 109 108 114 115 110 117 111 110 116 117 112 119 113 112 118 119 120 127 121 120 126 127 122 129 123 122 128 129 124 131 125 124 130 131 132 139 133 132 138 139 134 141 135 134 140 141 136 143 137 136 142 143 144 151 145 144 150 151 146 153 147 146 152 153 148 155 149 148 154 155 156 163 157 156 162 163 158 165 159 158 164 165 160 167 161 160 166 167 168 175 169 168 174 175 170 177 171 170 176 177 172 179 173 172 178 179 180 187 181 180 186 187 182 189 183 182 188 189 184 191 185 184 190 191 192 199 193 192 198 199 194 201 195 194 200 201 196 203 197 196 202 203 204 211 205 204 210 211 206 213 207 206 212 213 208 215 209 208 214 215 </p>
    </triangles>
   </mesh>
  </geometry>
  <geometry id="geometry78">
   <mesh>
    <triangles count="108" material="geometryElement77">
     <input semantic="VERTEX" offset="0" source="#geometrySource71-vertices"/>
     <input semantic="NORMAL" offset="0" source="#geometrySource73"/>
     <input semantic="TEXCOORD" offset="0" source="#geometrySource75" set="1"/>
     <p>0 7 1 0 6 7 2 9 3 2 8 9 4 11 5 4 10 11 12 19 13 12 18 19 14 21 15 14 20 21 16 23 17 16 22 23 24 31 25 24 30 31 26 33 27 26 32 33 28 35 29 28 34 35 36 43 37 36 42 43 38 45 39 38 44 45 40 47 41 40 46 47 48 55 49 48 54 55 50 57 51 50 56 57 52 59 53 52 58 59 60 67 61 60 66 67 62 69 63 62 68 69 64 71 65 64 70 71 72 79 73 72 78 79 74 81 75 74 80 81 76 83 77 76 82 83 84 91 85 84 90 91 86 93 87 86 92 93 88 95 89 88 94 95 96 103 97 96 102 103 98 105 99 98 104 105 100 107 101 100 106 107 108 115 109 108 114 115 110 117 111 110 116 117 112 119 113 112 118 119 120 127 121 120 126 127 122 129 123 122 128 129 124 131 125 124 130 131 132 139 133 132 138 139 134 141 135 134 140 141 136 143 137 136 142 143 144 151 145 144 150 151 146 153 147 146 152 153 148 155 149 148 154 155 156 163 157 156 162 163 158 165 159 158 164 165 160 167 161 160 166 167 168 175 169 168 174 175 170 177 171 170 176 177 172 179 173 172 178 179 180 187 181 180 186 187 182 189 183 182 188 189 184 191 185 184 190 191 192 199 193 192 198 199 194 201 195 194 200 201 196 203 197 196 202 203 204 211 205 204 210 211 206 213 207 206 212 213 208 215 209 208 214 215 </p>
    </triangles>
   </mesh>
  </geometry>
  <geometry id="geometry79">
   <mesh>
    <source id="geometrySource80">
     <float_array id="ID81-array" count="72">-0.79 -0.0125 0.45 -0.79 0.0125 0.45 0.79 -0.0125 0.45 0.79 0.0125 0.45 0.79 -0.0125 0.45 0.79 0.0125 0.45 0.79 -0.0125 -0.45 0.79 0.0125 -0.45 0.79 -0.0125 -0.45 0.79 0.0125 -0.45 -0.79 -0.0125 -0.45 -0.79 0.0125 -0.45 -0.79 -0.0125 -0.45 -0.79 0.0125 -0.45 -0.79 -0.0125 0.45 -0.79 0.0125 0.45 -0.79 0.0125 0.45 -0.79 0.0125 -0.45 0.79 0.0125 0.45 0.79 0.0125 -0.45 -0.79 -0.0125 -0.45 -0.79 -0.0125 0.45 0.79 -0.0125 -0.45 0.79 -0.0125 0.45 </float_array>
     <technique_common>
      <accessor source="#ID81-array" count="24" stride="3">
       <param name="X" type="float"/>
       <param name="Y" type="float"/>
       <param name="Z" type="float"/>
      </accessor>
     </technique_common>
    </source>
    <source id="geometrySource82">
     <float_array id="ID83-array" count="72">0 0 1 0 0 1 0 0 1 0 0 1 1 0 -4.37114e-08 1 0 -4.37114e-08 1 0 -4.37114e-08 1 0 -4.37114e-08 -8.74228e-08 0 -1 -8.74228e-08 0 -1 -8.74228e-08 0 -1 -8.74228e-08 0 -1 -1 0 1.19249e-08 -1 0 1.19249e-08 -1 0 1.19249e-08 -1 0 1.19249e-08 0 1 -4.37114e-08 0 1 -4.37114e-08 0 1 -4.37114e-08 0 1 -4.37114e-08 0 -1 -4.37114e-08 0 -1 -4.37114e-08 0 -1 -4.37114e-08 0 -1 -4.37114e-08 </float_array>
     <technique_common>
      <accessor source="#ID83-array" count="24" stride="3">
       <param name="X" type="float"/>
       <param name="Y" type="float"/>
       <param name="Z" type="float"/>
      </accessor>
     </technique_common>
    </source>
    <source id="geometrySource84">
     <float_array id="ID85-array" count="48">0 0 0 1 1 0 1 1 0 0 0 1 1 0 1 1 0 0 0 1 1 0 1 1 0 0 0 1 1 0 1 1 0 0 0 1 1 0 1 1 0 0 0 1 1 0 1 1 </float_array>
     <technique_common>
      <accessor source="#ID85-array" count="24" stride="2">
       <param name="S" type="float"/>
       <param name="T" type="float"/>
      </accessor>
     </technique_common>
    </source>
    <vertices id="geometrySource80-vertices">
     <input semantic="POSITION" source="#geometrySource80"/>
     <input semantic="NORMAL" source="#geometrySource82"/>
    </vertices>
    <triangles count="12" material="geometryElement86">
     <input semantic="VERTEX" offset="0" source="#geometrySource80-vertices"/>
     <input semantic="NORMAL" offset="0" source="#geometrySource82"/>
     <input semantic="TEXCOORD" offset="0" source="#geometrySource84" set="1"/>
     <p>0 3 1 0 2 3 4 7 5 4 6 7 8 11 9 8 10 11 12 15 13 12 14 15 16 19 17 16 18 19 20 23 21 20 22 23 </p>
    </triangles>
   </mesh>
  </geometry>
  <geometry id="geometry87">
   <mesh>
    <source id="geometrySource88">
     <float_array id="ID89-array" count="648">-0.095 -0.075 0.115 -0.095 0.075 0.115 -0.095 -0.0926777 0.107678 -0.095 -0.075 0.115 -0.095 0.075 0.115 -0.095 0.0926777 0.107678 0.095 -0.075 0.115 0.095 0.075 0.115 0.095 -0.0926777 0.107678 0.095 -0.075 0.115 0.095 0.075 0.115 0.095 0.0926777 0.107678 -0.112678 -0.075 0.107678 -0.112678 0.075 0.107678 -0.109434 -0.0894338 0.104434 -0.112678 -0.075 0.107678 -0.112678 0.075 0.107678 -0.109434 0.0894338 0.104434 -0.095 -0.075 0.115 -0.095 0.075 0.115 -0.095 -0.0926777 0.107678 -0.095 -0.075 0.115 -0.095 0.075 0.115 -0.095 0.0926777 0.107678 0.095 -0.075 0.115 0.095 0.075 0.115 0.095 -0.0926777 0.107678 0.095 -0.075 0.115 0.095 0.075 0.115 0.095 0.0926777 0.107678 0.112678 -0.075 0.107678 0.112678 0.075 0.107678 0.109434 -0.0894338 0.104434 0.112678 -0.075 0.107678 0.112678 0.075 0.107678 0.109434 0.0894338 0.104434 0.12 -0.075 0.09 0.12 0.075 0.09 0.112678 -0.0926777 0.09 0.12 -0.075 0.09 0.12 0.075 0.09 0.112678 0.0926777 0.09 0.12 -0.075 -0.09 0.12 0.075 -0.09 0.112678 -0.0926777 -0.09 0.12 -0.075 -0.09 0.12 0.075 -0.09 0.112678 0.0926777 -0.09 0.112678 -0.075 0.107678 0.112678 0.075 0.107678 0.109434 -0.0894338 0.104434 0.112678 -0.075 0.107678 0.112678 0.075 0.107678 0.109434 0.0894338 0.104434 0.12 -0.075 0.09 0.12 0.075 0.09 0.112678 -0.0926777 0.09 0.12 -0.075 0.09 0.12 0.075 0.09 0.112678 0.0926777 0.09 0.12 -0.075 -0.09 0.12 0.075 -0.09 0.112678 -0.0926777 -0.09 0.12 -0.075 -0.09 0.12 0.075 -0.09 0.112678 0.0926777 -0.09 0.112678 -0.075 -0.107678 0.112678 0.075 -0.107678 0.109434 -0.0894338 -0.104434 0.112678 -0.075 -0.107678 0.112678 0.075 -0.107678 0.109434 0.0894338 -0.104434 0.095 -0.075 -0.115 0.095 0.075 -0.115 0.095 -0.0926777 -0.107678 0.095 -0.075 -0.115 0.095 0.075 -0.115 0.095 0.0926777 -0.107678 -0.095 -0.075 -0.115 -0.095 0.075 -0.115 -0.095 -0.0926777 -0.107678 -0.095 -0.075 -0.115 -0.095 0.075 -0.115 -0.095 0.0926777 -0.107678 0.112678 -0.075 -0.107678 0.112678 0.075 -0.107678 0.109434 -0.0894338 -0.104434 0.112678 -0.075 -0.107678 0.112678 0.075 -0.107678 0.109434 0.0894338 -0.104434 0.095 -0.075 -0.115 0.095 0.075 -0.115 0.095 -0.0926777 -0.107678 0.095 -0.075 -0.115 0.095 0.075 -0.115 0.095 0.0926777 -0.107678 -0.095 -0.075 -0.115 -0.095 0.075 -0.115 -0.095 -0.0926777 -0.107678 -0.095 -0.075 -0.115 -0.095 0.075 -0.115 -0.095 0.0926777 -0.107678 -0.112678 -0.075 -0.107678 -0.112678 0.075 -0.107678 -0.109434 -0.0894338 -0.104434 -0.112678 -0.075 -0.107678 -0.112678 0.075 -0.107678 -0.109434 0.0894338 -0.104434 -0.12 -0.075 -0.09 -0.12 0.075 -0.09 -0.112678 -0.0926777 -0.09 -0.12 -0.075 -0.09 -0.12 0.075 -0.09 -0.112678 0.0926777 -0.09 -0.12 -0.075 0.09 -0.12 0.075 0.09 -0.112678 -0.0926777 0.09 -0.12 -0.075 0.09 -0.12 0.075 0.09 -0.112678 0.0926777 0.09 -0.112678 -0.075 -0.107678 -0.112678 0.075 -0.107678 -0.109434 -0.0894338 -0.104434 -0.112678 -0.075 -0.107678 -0.112678 0.075 -0.107678 -0.109434 0.0894338 -0.104434 -0.12 -0.075 -0.09 -0.12 0.075 -0.09 -0.112678 -0.0926777 -0.09 -0.12 -0.075 -0.09 -0.12 0.075 -0.09 -0.112678 0.0926777 -0.09 -0.12 -0.075 0.09 -0.12 0.075 0.09 -0.112678 -0.0926777 0.09 -0.12 -0.075 0.09 -0.12 0.075 0.09 -0.112678 0.0926777 0.09 -0.112678 -0.075 0.107678 -0.112678 0.075 0.107678 -0.109434 -0.0894338 0.104434 -0.112678 -0.075 0.107678 -0.112678 0.075 0.107678 -0.109434 0.0894338 0.104434 -0.095 0.1 0.09 -0.095 0.1 -0.09 -0.095 0.0926777 0.107678 -0.095 0.1 0.09 -0.095 0.1 -0.09 -0.095 0.0926777 -0.107678 0.095 0.1 0.09 0.095 0.1 -0.09 0.095 0.0926777 0.107678 0.095 0.1 0.09 0.095 0.1 -0.09 0.095 0.0926777 -0.107678 -0.112678 0.0926777 0.09 -0.112678 0.0926777 -0.09 -0.109434 0.0894338 0.104434 -0.112678 0.0926777 0.09 -0.112678 0.0926777 -0.09 -0.109434 0.0894337 -0.104434 -0.095 0.1 0.09 -0.095 0.1 -0.09 -0.095 0.0926777 0.107678 -0.095 0.1 0.09 -0.095 0.1 -0.09 -0.095 0.0926777 -0.107678 0.095 0.1 0.09 0.095 0.1 -0.09 0.095 0.0926777 0.107678 0.095 0.1 0.09 0.095 0.1 -0.09 0.095 0.0926777 -0.107678 0.112678 0.0926777 0.09 0.112678 0.0926777 -0.09 0.109434 0.0894338 0.104434 0.112678 0.0926777 0.09 0.112678 0.0926777 -0.09 0.109434 0.0894337 -0.104434 -0.095 -0.1 -0.09 -0.095 -0.1 0.09 -0.095 -0.0926777 -0.107678 -0.095 -0.1 -0.09 -0.095 -0.1 0.09 -0.095 -0.0926777 0.107678 0.095 -0.1 -0.09 0.095 -0.1 0.09 0.095 -0.0926777 -0.107678 0.095 -0.1 -0.09 0.095 -0.1 0.09 0.095 -0.0926777 0.107678 -0.112678 -0.0926777 -0.09 -0.112678 -0.0926777 0.09 -0.109434 -0.0894338 -0.104434 -0.112678 -0.0926777 -0.09 -0.112678 -0.0926777 0.09 -0.109434 -0.0894338 0.104434 -0.095 -0.1 -0.09 -0.095 -0.1 0.09 -0.095 -0.0926777 -0.107678 -0.095 -0.1 -0.09 -0.095 -0.1 0.09 -0.095 -0.0926777 0.107678 0.095 -0.1 -0.09 0.095 -0.1 0.09 0.095 -0.0926777 -0.107678 0.095 -0.1 -0.09 0.095 -0.1 0.09 0.095 -0.0926777 0.107678 0.112678 -0.0926777 -0.09 0.112678 -0.0926777 0.09 0.109434 -0.0894338 -0.104434 0.112678 -0.0926777 -0.09 0.112678 -0.0926777 0.09 0.109434 -0.0894338 0.104434 </float_array>
     <technique_common>
      <accessor source="#ID89-array" count="216" stride="3">
       <param name="X" type="float"/>
       <param name="Y" type="float"/>
       <param name="Z" type="float"/>
      </accessor>
     </technique_common>
    </source>
    <source id="geometrySource90">
     <float_array id="ID91-array" count="648">0 0 1 0 0 1 0 -0.707107 0.707107 0 0 1 0 0 1 0 0.707107 0.707107 0 0 1 0 0 1 0 -0.707107 0.707107 0 0 1 0 0 1 0 0.707107 0.707107 -0.707107 0 0.707107 -0.707107 0 0.707107 -0.57735 -0.57735 0.57735 -0.707107 0 0.707107 -0.707107 0 0.707107 -0.57735 0.57735 0.57735 0 0 1 0 0 1 0 -0.707107 0.707107 0 0 1 0 0 1 0 0.707107 0.707107 0 0 1 0 0 1 0 -0.707107 0.707107 0 0 1 0 0 1 0 0.707107 0.707107 0.707107 0 0.707107 0.707107 0 0.707107 0.57735 -0.57735 0.57735 0.707107 0 0.707107 0.707107 0 0.707107 0.57735 0.57735 0.57735 1 0 -4.37114e-08 1 0 -4.37114e-08 0.707107 -0.707107 -3.09086e-08 1 0 -4.37114e-08 1 0 -4.37114e-08 0.707107 0.707107 -3.09086e-08 1 0 -4.37114e-08 1 0 -4.37114e-08 0.707107 -0.707107 -3.09086e-08 1 0 -4.37114e-08 1 0 -4.37114e-08 0.707107 0.707107 -3.09086e-08 0.707107 0 0.707107 0.707107 0 0.707107 0.57735 -0.57735 0.57735 0.707107 0 0.707107 0.707107 0 0.707107 0.57735 0.57735 0.57735 1 0 -4.37114e-08 1 0 -4.37114e-08 0.707107 -0.707107 -3.09086e-08 1 0 -4.37114e-08 1 0 -4.37114e-08 0.707107 0.707107 -3.09086e-08 1 0 -4.37114e-08 1 0 -4.37114e-08 0.707107 -0.707107 -3.09086e-08 1 0 -4.37114e-08 1 0 -4.37114e-08 0.707107 0.707107 -3.09086e-08 0.707107 0 -0.707107 0.707107 0 -0.707107 0.57735 -0.57735 -0.57735 0.707107 0 -0.707107 0.707107 0 -0.707107 0.57735 0.57735 -0.57735 -8.74228e-08 0 -1 -8.74228e-08 0 -1 -6.18172e-08 -0.707107 -0.707107 -8.74228e-08 0 -1 -8.74228e-08 0 -1 -6.18172e-08 0.707107 -0.707107 -8.74228e-08 0 -1 -8.74228e-08 0 -1 -6.18172e-08 -0.707107 -0.707107 -8.74228e-08 0 -1 -8.74228e-08 0 -1 -6.18172e-08 0.707107 -0.707107 0.707107 0 -0.707107 0.707107 0 -0.707107 0.57735 -0.57735 -0.57735 0.707107 0 -0.707107 0.707107 0 -0.707107 0.57735 0.57735 -0.57735 -8.74228e-08 0 -1 -8.74228e-08 0 -1 -6.18172e-08 -0.707107 -0.707107 -8.74228e-08 0 -1 -8.74228e-08 0 -1 -6.18172e-08 0.707107 -0.707107 -8.74228e-08 0 -1 -8.74228e-08 0 -1 -6.18172e-08 -0.707107 -0.707107 -8.74228e-08 0 -1 -8.74228e-08 0 -1 -6.18172e-08 0.707107 -0.707107 -0.707107 0 -0.707107 -0.707107 0 -0.707107 -0.57735 -0.57735 -0.57735 -0.707107 0 -0.707107 -0.707107 0 -0.707107 -0.57735 0.57735 -0.57735 -1 0 1.19249e-08 -1 0 1.19249e-08 -0.707107 -0.707107 8.43216e-09 -1 0 1.19249e-08 -1 0 1.19249e-08 -0.707107 0.707107 8.43216e-09 -1 0 1.19249e-08 -1 0 1.19249e-08 -0.707107 -0.707107 8.43216e-09 -1 0 1.19249e-08 -1 0 1.19249e-08 -0.707107 0.707107 8.43216e-09 -0.707107 0 -0.707107 -0.707107 0 -0.707107 -0.57735 -0.57735 -0.57735 -0.707107 0 -0.707107 -0.707107 0 -0.707107 -0.57735 0.57735 -0.57735 -1 0 1.19249e-08 -1 0 1.19249e-08 -0.707107 -0.707107 8.43216e-09 -1 0 1.19249e-08 -1 0 1.19249e-08 -0.707107 0.707107 8.43216e-09 -1 0 1.19249e-08 -1 0 1.19249e-08 -0.707107 -0.707107 8.43216e-09 -1 0 1.19249e-08 -1 0 1.19249e-08 -0.707107 0.707107 8.43216e-09 -0.707107 0 0.707107 -0.707107 0 0.707107 -0.57735 -0.57735 0.57735 -0.707107 0 0.707107 -0.707107 0 0.707107 -0.57735 0.57735 0.57735 0 1 -4.37114e-08 0 1 -4.37114e-08 0 0.707107 0.707107 0 1 -4.37114e-08 0 1 -4.37114e-08 0 0.707107 -0.707107 0 1 -4.37114e-08 0 1 -4.37114e-08 0 0.707107 0.707107 0 1 -4.37114e-08 0 1 -4.37114e-08 0 0.707107 -0.707107 -0.707107 0.707107 -3.09086e-08 -0.707107 0.707107 -3.09086e-08 -0.57735 0.57735 0.57735 -0.707107 0.707107 -3.09086e-08 -0.707107 0.707107 -3.09086e-08 -0.57735 0.57735 -0.57735 0 1 -4.37114e-08 0 1 -4.37114e-08 0 0.707107 0.707107 0 1 -4.37114e-08 0 1 -4.37114e-08 0 0.707107 -0.707107 0 1 -4.37114e-08 0 1 -4.37114e-08 0 0.707107 0.707107 0 1 -4.37114e-08 0 1 -4.37114e-08 0 0.707107 -0.707107 0.707107 0.707107 -3.09086e-08 0.707107 0.707107 -3.09086e-08 0.57735 0.57735 0.57735 0.707107 0.707107 -3.09086e-08 0.707107 0.707107 -3.09086e-08 0.57735 0.57735 -0.57735 0 -1 -4.37114e-08 0 -1 -4.37114e-08 0 -0.707107 -0.707107 0 -1 -4.37114e-08 0 -1 -4.37114e-08 0 -0.707107 0.707107 0 -1 -4.37114e-08 0 -1 -4.37114e-08 0 -0.707107 -0.707107 0 -1 -4.37114e-08 0 -1 -4.37114e-08 0 -0.707107 0.707107 -0.707107 -0.707107 -3.09086e-08 -0.707107 -0.707107 -3.09086e-08 -0.57735 -0.57735 -0.57735 -0.707107 -0.707107 -3.09086e-08 -0.707107 -0.707107 -3.09086e-08 -0.57735 -0.57735 0.57735 0 -1 -4.37114e-08 0 -1 -4.37114e-08 0 -0.707107 -0.707107 0 -1 -4.37114e-08 0 -1 -4.37114e-08 0 -0.707107 0.707107 0 -1 -4.37114e-08 0 -1 -4.37114e-08 0 -0.707107 -0.707107 0 -1 -4.37114e-08 0 -1 -4.37114e-08 0 -0.707107 0.707107 0.707107 -0.707107 -3.09086e-08 0.707107 -0.707107 -3.09086e-08 0.57735 -0.57735 -0.57735 0.707107 -0.707107 -3.09086e-08 0.707107 -0.707107 -3.09086e-08 0.57735 -0.57735 0.57735 </float_array>
     <technique_common>
      <accessor source="#ID91-array" count="216" stride="3">
       <param name="X" type="float"/>
       <param name="Y" type="float"/>
       <param name="Z" type="float"/>
      </accessor>
     </technique_common>
    </source>
    <source id="geometrySource92">
     <float_array id="ID93-array" count="432">0.104167 0.125 0.104167 0.875 0.104167 0 0.104167 0.125 0.104167 0.875 0.104167 1 0.895833 0.125 0.895833 0.875 0.895833 0 0.895833 0.125 0.895833 0.875 0.895833 1 0 0.125 0 0.875 0 0 0 0.125 0 0.875 0 1 0.104167 0.125 0.104167 0.875 0.104167 0 0.104167 0.125 0.104167 0.875 0.104167 1 0.895833 0.125 0.895833 0.875 0.895833 0 0.895833 0.125 0.895833 0.875 0.895833 1 1 0.125 1 0.875 1 0 1 0.125 1 0.875 1 1 0.108696 0.125 0.108696 0.875 0.108696 0 0.108696 0.125 0.108696 0.875 0.108696 1 0.891304 0.125 0.891304 0.875 0.891304 0 0.891304 0.125 0.891304 0.875 0.891304 1 0 0.125 0 0.875 0 0 0 0.125 0 0.875 0 1 0.108696 0.125 0.108696 0.875 0.108696 0 0.108696 0.125 0.108696 0.875 0.108696 1 0.891304 0.125 0.891304 0.875 0.891304 0 0.891304 0.125 0.891304 0.875 0.891304 1 1 0.125 1 0.875 1 0 1 0.125 1 0.875 1 1 0.104167 0.125 0.104167 0.875 0.104167 0 0.104167 0.125 0.104167 0.875 0.104167 1 0.895833 0.125 0.895833 0.875 0.895833 0 0.895833 0.125 0.895833 0.875 0.895833 1 0 0.125 0 0.875 0 0 0 0.125 0 0.875 0 1 0.104167 0.125 0.104167 0.875 0.104167 0 0.104167 0.125 0.104167 0.875 0.104167 1 0.895833 0.125 0.895833 0.875 0.895833 0 0.895833 0.125 0.895833 0.875 0.895833 1 1 0.125 1 0.875 1 0 1 0.125 1 0.875 1 1 0.108696 0.125 0.108696 0.875 0.108696 0 0.108696 0.125 0.108696 0.875 0.108696 1 0.891304 0.125 0.891304 0.875 0.891304 0 0.891304 0.125 0.891304 0.875 0.891304 1 0 0.125 0 0.875 0 0 0 0.125 0 0.875 0 1 0.108696 0.125 0.108696 0.875 0.108696 0 0.108696 0.125 0.108696 0.875 0.108696 1 0.891304 0.125 0.891304 0.875 0.891304 0 0.891304 0.125 0.891304 0.875 0.891304 1 1 0.125 1 0.875 1 0 1 0.125 1 0.875 1 1 0.104167 0.108696 0.104167 0.891304 0.104167 0 0.104167 0.108696 0.104167 0.891304 0.104167 1 0.895833 0.108696 0.895833 0.891304 0.895833 0 0.895833 0.108696 0.895833 0.891304 0.895833 1 0 0.108696 0 0.891304 0 0 0 0.108696 0 0.891304 0 1 0.104167 0.108696 0.104167 0.891304 0.104167 0 0.104167 0.108696 0.104167 0.891304 0.104167 1 0.895833 0.108696 0.895833 0.891304 0.895833 0 0.895833 0.108696 0.895833 0.891304 0.895833 1 1 0.108696 1 0.891304 1 0 1 0.108696 1 0.891304 1 1 0.104167 0.108696 0.104167 0.891304 0.104167 0 0.104167 0.108696 0.104167 0.891304 0.104167 1 0.895833 0.108696 0.895833 0.891304 0.895833 0 0.895833 0.108696 0.895833 0.891304 0.895833 1 0 0.108696 0 0.891304 0 0 0 0.108696 0 0.891304 0 1 0.104167 0.108696 0.104167 0.891304 0.104167 0 0.104167 0.108696 0.104167 0.891304 0.104167 1 0.895833 0.108696 0.895833 0.891304 0.895833 0 0.895833 0.108696 0.895833 0.891304 0.895833 1 1 0.108696 1 0.891304 1 0 1 0.108696 1 0.891304 1 1 </float_array>
     <technique_common>
      <accessor source="#ID93-array" count="216" stride="2">
       <param name="S" type="float"/>
       <param name="T" type="float"/>
      </accessor>
     </technique_common>
    </source>
    <vertices id="geometrySource88-vertices">
     <input semantic="POSITION" source="#geometrySource88"/>
     <input semantic="NORMAL" source="#geometrySource90"/>
    </vertices>
    <triangles count="108" material="geometryElement94">
     <input semantic="VERTEX" offset="0" source="#geometrySource88-vertices"/>
     <input semantic="NORMAL" offset="0" source="#geometrySource90"/>
     <input semantic="TEXCOORD" offset="0" source="#geometrySource92" set="1"/>
     <p>0 7 1 0 6 7 2 9 3 2 8 9 4 11 5 4 10 11 12 19 13 12 18 19 14 21 15 14 20 21 16 23 17 16 22 23 24 31 25 24 30 31 26 33 27 26 32 33 28 35 29 28 34 35 36 43 37 36 42 43 38 45 39 38 44 45 40 47 41 40 46 47 48 55 49 48 54 55 50 57 51 50 56 57 52 59 53 52 58 59 60 67 61 60 66 67 62 69 63 62 68 69 64 71 65 64 70 71 72 79 73 72 78 79 74 81 75 74 80 81 76 83 77 76 82 83 84 91 85 84 90 91 86 93 87 86 92 93 88 95 89 88 94 95 96 103 97 96 102 103 98 105 99 98 104 105 100 107 101 100 106 107 108 115 109 108 114 115 110 117 111 110 116 117 112 119 113 112 118 119 120 127 121 120 126 127 122 129 123 122 128 129 124 131 125 124 130 131 132 139 133 132 138 139 134 141 135 134 140 141 136 143 137 136 142 143 144 151 145 144 150 151 146 153 147 146 152 153 148 155 149 148 154 155 156 163 157 156 162 163 158 165 159 158 164 165 160 167 161 160 166 167 168 175 169 168 174 175 170 177 171 170 176 177 172 179 173 172 178 179 180 187 181 180 186 187 182 189 183 182 188 189 184 191 185 184 190 191 192 199 193 192 198 199 194 201 195 194 200 201 196 203 197 196 202 203 204 211 205 204 210 211 206 213 207 206 212 213 208 215 209 208 214 215 </p>
    </triangles>
   </mesh>
  </geometry>
  <geometry id="geometry95">
   <mesh>
    <triangles count="108" material="geometryElement94">
     <input semantic="VERTEX" offset="0" source="#geometrySource88-vertices"/>
     <input semantic="NORMAL" offset="0" source="#geometrySource90"/>
     <input semantic="TEXCOORD" offset="0" source="#geometrySource92" set="1"/>
     <p>0 7 1 0 6 7 2 9 3 2 8 9 4 11 5 4 10 11 12 19 13 12 18 19 14 21 15 14 20 21 16 23 17 16 22 23 24 31 25 24 30 31 26 33 27 26 32 33 28 35 29 28 34 35 36 43 37 36 42 43 38 45 39 38 44 45 40 47 41 40 46 47 48 55 49 48 54 55 50 57 51 50 56 57 52 59 53 52 58 59 60 67 61 60 66 67 62 69 63 62 68 69 64 71 65 64 70 71 72 79 73 72 78 79 74 81 75 74 80 81 76 83 77 76 82 83 84 91 85 84 90 91 86 93 87 86 92 93 88 95 89 88 94 95 96 103 97 96 102 103 98 105 99 98 104 105 100 107 101 100 106 107 108 115 109 108 114 115 110 117 111 110 116 117 112 119 113 112 118 119 120 127 121 120 126 127 122 129 123 122 128 129 124 131 125 124 130 131 132 139 133 132 138 139 134 141 135 134 140 141 136 143 137 136 142 143 144 151 145 144 150 151 146 153 147 146 152 153 148 155 149 148 154 155 156 163 157 156 162 163 158 165 159 158 164 165 160 167 161 160 166 167 168 175 169 168 174 175 170 177 171 170 176 177 172 179 173 172 178 179 180 187 181 180 186 187 182 189 183 182 188 189 184 191 185 184 190 191 192 199 193 192 198 199 194 201 195 194 200 201 196 203 197 196 202 203 204 211 205 204 210 211 206 213 207 206 212 213 208 215 209 208 214 215 </p>
    </triangles>
   </mesh>
  </geometry>
  <geometry id="geometry96">
   <mesh>
    <triangles count="108" material="geometryElement94">
     <input semantic="VERTEX" offset="0" source="#geometrySource88-vertices"/>
     <input semantic="NORMAL" offset="0" source="#geometrySource90"/>
     <input semantic="TEXCOORD" offset="0" source="#geometrySource92" set="1"/>
     <p>0 7 1 0 6 7 2 9 3 2 8 9 4 11 5 4 10 11 12 19 13 12 18 19 14 21 15 14 20 21 16 23 17 16 22 23 24 31 25 24 30 31 26 33 27 26 32 33 28 35 29 28 34 35 36 43 37 36 42 43 38 45 39 38 44 45 40 47 41 40 46 47 48 55 49 48 54 55 50 57 51 50 56 57 52 59 53 52 58 59 60 67 61 60 66 67 62 69 63 62 68 69 64 71 65 64 70 71 72 79 73 72 78 79 74 81 75 74 80 81 76 83 77 76 82 83 84 91 85 84 90 91 86 93 87 86 92 93 88 95 89 88 94 95 96 103 97 96 102 103 98 105 99 98 104 105 100 107 101 100 106 107 108 115 109 108 114 115 110 117 111 110 116 117 112 119 113 112 118 119 120 127 121 120 126 127 122 129 123 122 128 129 124 131 125 124 130 131 132 139 133 132 138 139 134 141 135 134 140 141 136 143 137 136 142 143 144 151 145 144 150 151 146 153 147 146 152 153 148 155 149 148 154 155 156 163 157 156 162 163 158 165 159 158 164 165 160 167 161 160 166 167 168 175 169 168 174 175 170 177 171 170 176 177 172 179 173 172 178 179 180 187 181 180 186 187 182 189 183 182 188 189 184 191 185 184 190 191 192 199 193 192 198 199 194 201 195 194 200 201 196 203 197 196 202 203 204 211 205 204 210 211 206 213 207 206 212 213 208 215 209 208 214 215 </p>
    </triangles>
   </mesh>
  </geometry>
  <geometry id="geometry97">
   <mesh>
    <triangles count="108" material="geometryElement94">
     <input semantic="VERTEX" offset="0" source="#geometrySource88-vertices"/>
     <input semantic="NORMAL" offset="0" source="#geometrySource90"/>
     <input semantic="TEXCOORD" offset="0" source="#geometrySource92" set="1"/>
     <p>0 7 1 0 6 7 2 9 3 2 8 9 4 11 5 4 10 11 12 19 13 12 18 19 14 21 15 14 20 21 16 23 17 16 22 23 24 31 25 24 30 31 26 33 27 26 32 33 28 35 29 28 34 35 36 43 37 36 42 43 38 45 39 38 44 45 40 47 41 40 46 47 48 55 49 48 54 55 50 57 51 50 56 57 52 59 53 52 58 59 60 67 61 60 66 67 62 69 63 62 68 69 64 71 65 64 70 71 72 79 73 72 78 79 74 81 75 74 80 81 76 83 77 76 82 83 84 91 85 84 90 91 86 93 87 86 92 93 88 95 89 88 94 95 96 103 97 96 102 103 98 105 99 98 104 105 100 107 101 100 106 107 108 115 109 108 114 115 110 117 111 110 116 117 112 119 113 112 118 119 120 127 121 120 126 127 122 129 123 122 128 129 124 131 125 124 130 131 132 139 133 132 138 139 134 141 135 134 140 141 136 143 137 136 142 143 144 151 145 144 150 151 146 153 147 146 152 153 148 155 149 148 154 155 156 163 157 156 162 163 158 165 159 158 164 165 160 167 161 160 166 167 168 175 169 168 174 175 170 177 171 170 176 177 172 179 173 172 178 179 180 187 181 180 186 187 182 189 183 182 188 189 184 191 185 184 190 191 192 199 193 192 198 199 194 201 195 194 200 201 196 203 197 196 202 203 204 211 205 204 210 211 206 213 207 206 212 213 208 215 209 208 214 215 </p>
    </triangles>
   </mesh>
  </geometry>
  <geometry id="geometry98">
   <mesh>
    <source id="geometrySource99">
     <float_array id="ID100-array" count="648">-0.94 -0.0125 0.0275 -0.94 0.0125 0.0275 -0.94 -0.0301777 0.0201777 -0.94 -0.0125 0.0275 -0.94 0.0125 0.0275 -0.94 0.0301777 0.0201777 0.94 -0.0125 0.0275 0.94 0.0125 0.0275 0.94 -0.0301777 0.0201777 0.94 -0.0125 0.0275 0.94 0.0125 0.0275 0.94 0.0301777 0.0201777 -0.957678 -0.0125 0.0201777 -0.957678 0.0125 0.0201777 -0.954434 -0.0269338 0.0169338 -0.957678 -0.0125 0.0201777 -0.957678 0.0125 0.0201777 -0.954434 0.0269338 0.0169338 -0.94 -0.0125 0.0275 -0.94 0.0125 0.0275 -0.94 -0.0301777 0.0201777 -0.94 -0.0125 0.0275 -0.94 0.0125 0.0275 -0.94 0.0301777 0.0201777 0.94 -0.0125 0.0275 0.94 0.0125 0.0275 0.94 -0.0301777 0.0201777 0.94 -0.0125 0.0275 0.94 0.0125 0.0275 0.94 0.0301777 0.0201777 0.957678 -0.0125 0.0201777 0.957678 0.0125 0.0201777 0.954434 -0.0269338 0.0169338 0.957678 -0.0125 0.0201777 0.957678 0.0125 0.0201777 0.954434 0.0269338 0.0169338 0.965 -0.0125 0.0025 0.965 0.0125 0.0025 0.957678 -0.0301777 0.0025 0.965 -0.0125 0.0025 0.965 0.0125 0.0025 0.957678 0.0301777 0.0025 0.965 -0.0125 -0.00250008 0.965 0.0125 -0.00250008 0.957678 -0.0301777 -0.00250008 0.965 -0.0125 -0.00250008 0.965 0.0125 -0.00250008 0.957678 0.0301777 -0.00250008 0.957678 -0.0125 0.0201777 0.957678 0.0125 0.0201777 0.954434 -0.0269338 0.0169338 0.957678 -0.0125 0.0201777 0.957678 0.0125 0.0201777 0.954434 0.0269338 0.0169338 0.965 -0.0125 0.0025 0.965 0.0125 0.0025 0.957678 -0.0301777 0.0025 0.965 -0.0125 0.0025 0.965 0.0125 0.0025 0.957678 0.0301777 0.0025 0.965 -0.0125 -0.00250008 0.965 0.0125 -0.00250008 0.957678 -0.0301777 -0.00250008 0.965 -0.0125 -0.00250008 0.965 0.0125 -0.00250008 0.957678 0.0301777 -0.00250008 0.957678 -0.0125 -0.0201778 0.957678 0.0125 -0.0201778 0.954434 -0.0269338 -0.0169338 0.957678 -0.0125 -0.0201778 0.957678 0.0125 -0.0201778 0.954434 0.0269338 -0.0169338 0.94 -0.0125 -0.0275002 0.94 0.0125 -0.0275002 0.94 -0.0301777 -0.0201778 0.94 -0.0125 -0.0275002 0.94 0.0125 -0.0275002 0.94 0.0301777 -0.0201778 -0.94 -0.0125 -0.0275 -0.94 0.0125 -0.0275 -0.94 -0.0301777 -0.0201777 -0.94 -0.0125 -0.0275 -0.94 0.0125 -0.0275 -0.94 0.0301777 -0.0201777 0.957678 -0.0125 -0.0201778 0.957678 0.0125 -0.0201778 0.954434 -0.0269338 -0.0169339 0.957678 -0.0125 -0.0201778 0.957678 0.0125 -0.0201778 0.954434 0.0269338 -0.0169339 0.94 -0.0125 -0.0275002 0.94 0.0125 -0.0275002 0.94 -0.0301777 -0.0201778 0.94 -0.0125 -0.0275002 0.94 0.0125 -0.0275002 0.94 0.0301777 -0.0201778 -0.94 -0.0125 -0.0275 -0.94 0.0125 -0.0275 -0.94 -0.0301777 -0.0201777 -0.94 -0.0125 -0.0275 -0.94 0.0125 -0.0275 -0.94 0.0301777 -0.0201777 -0.957678 -0.0125 -0.0201777 -0.957678 0.0125 -0.0201777 -0.954434 -0.0269338 -0.0169338 -0.957678 -0.0125 -0.0201777 -0.957678 0.0125 -0.0201777 -0.954434 0.0269338 -0.0169338 -0.965 -0.0125 -0.0025 -0.965 0.0125 -0.0025 -0.957678 -0.0301777 -0.0025 -0.965 -0.0125 -0.0025 -0.965 0.0125 -0.0025 -0.957678 0.0301777 -0.0025 -0.965 -0.0125 0.00250002 -0.965 0.0125 0.00250002 -0.957678 -0.0301777 0.00250002 -0.965 -0.0125 0.00250002 -0.965 0.0125 0.00250002 -0.957678 0.0301777 0.00250002 -0.957678 -0.0125 -0.0201777 -0.957678 0.0125 -0.0201777 -0.954434 -0.0269338 -0.0169338 -0.957678 -0.0125 -0.0201777 -0.957678 0.0125 -0.0201777 -0.954434 0.0269338 -0.0169338 -0.965 -0.0125 -0.0025 -0.965 0.0125 -0.0025 -0.957678 -0.0301777 -0.0025 -0.965 -0.0125 -0.0025 -0.965 0.0125 -0.0025 -0.957678 0.0301777 -0.0025 -0.965 -0.0125 0.00250002 -0.965 0.0125 0.00250002 -0.957678 -0.0301777 0.00250002 -0.965 -0.0125 0.00250002 -0.965 0.0125 0.00250002 -0.957678 0.0301777 0.00250002 -0.957678 -0.0125 0.0201777 -0.957678 0.0125 0.0201777 -0.954434 -0.0269338 0.0169338 -0.957678 -0.0125 0.0201777 -0.957678 0.0125 0.0201777 -0.954434 0.0269338 0.0169338 -0.94 0.0375 0.0025 -0.94 0.0375 -0.0025 -0.94 0.0301777 0.0201777 -0.94 0.0375 0.0025 -0.94 0.0375 -0.0025 -0.94 0.0301777 -0.0201777 0.94 0.0375 0.0025 0.94 0.0375 -0.0025 0.94 0.0301777 0.0201777 0.94 0.0375 0.0025 0.94 0.0375 -0.0025 0.94 0.0301777 -0.0201777 -0.957678 0.0301777 0.0025 -0.957678 0.0301777 -0.0025 -0.954434 0.0269338 0.0169338 -0.957678 0.0301777 0.0025 -0.957678 0.0301777 -0.0025 -0.954434 0.0269338 -0.0169338 -0.94 0.0375 0.0025 -0.94 0.0375 -0.0025 -0.94 0.0301777 0.0201777 -0.94 0.0375 0.0025 -0.94 0.0375 -0.0025 -0.94 0.0301777 -0.0201777 0.94 0.0375 0.0025 0.94 0.0375 -0.0025 0.94 0.0301777 0.0201777 0.94 0.0375 0.0025 0.94 0.0375 -0.0025 0.94 0.0301777 -0.0201777 0.957678 0.0301777 0.0025 0.957678 0.0301777 -0.0025 0.954434 0.0269338 0.0169338 0.957678 0.0301777 0.0025 0.957678 0.0301777 -0.0025 0.954434 0.0269338 -0.0169338 -0.94 -0.0375 -0.0025 -0.94 -0.0375 0.0025 -0.94 -0.0301777 -0.0201777 -0.94 -0.0375 -0.0025 -0.94 -0.0375 0.0025 -0.94 -0.0301777 0.0201777 0.94 -0.0375 -0.0025 0.94 -0.0375 0.0025 0.94 -0.0301777 -0.0201777 0.94 -0.0375 -0.0025 0.94 -0.0375 0.0025 0.94 -0.0301777 0.0201777 -0.957678 -0.0301777 -0.0025 -0.957678 -0.0301777 0.0025 -0.954434 -0.0269338 -0.0169338 -0.957678 -0.0301777 -0.0025 -0.957678 -0.0301777 0.0025 -0.954434 -0.0269338 0.0169338 -0.94 -0.0375 -0.0025 -0.94 -0.0375 0.0025 -0.94 -0.0301777 -0.0201777 -0.94 -0.0375 -0.0025 -0.94 -0.0375 0.0025 -0.94 -0.0301777 0.0201777 0.94 -0.0375 -0.0025 0.94 -0.0375 0.0025 0.94 -0.0301777 -0.0201777 0.94 -0.0375 -0.0025 0.94 -0.0375 0.0025 0.94 -0.0301777 0.0201777 0.957678 -0.0301777 -0.0025 0.957678 -0.0301777 0.0025 0.954434 -0.0269338 -0.0169338 0.957678 -0.0301777 -0.0025 0.957678 -0.0301777 0.0025 0.954434 -0.0269338 0.0169338 </float_array>
     <technique_common>
      <accessor source="#ID100-array" count="216" stride="3">
       <param name="X" type="float"/>
       <param name="Y" type="float"/>
       <param name="Z" type="float"/>
      </accessor>
     </technique_common>
    </source>
    <source id="geometrySource101">
     <float_array id="ID102-array" count="648">0 0 1 0 0 1 0 -0.707107 0.707107 0 0 1 0 0 1 0 0.707107 0.707107 0 0 1 0 0 1 0 -0.707107 0.707107 0 0 1 0 0 1 0 0.707107 0.707107 -0.707107 0 0.707107 -0.707107 0 0.707107 -0.57735 -0.57735 0.57735 -0.707107 0 0.707107 -0.707107 0 0.707107 -0.57735 0.57735 0.57735 0 0 1 0 0 1 0 -0.707107 0.707107 0 0 1 0 0 1 0 0.707107 0.707107 0 0 1 0 0 1 0 -0.707107 0.707107 0 0 1 0 0 1 0 0.707107 0.707107 0.707107 0 0.707107 0.707107 0 0.707107 0.57735 -0.57735 0.57735 0.707107 0 0.707107 0.707107 0 0.707107 0.57735 0.57735 0.57735 1 0 -4.37114e-08 1 0 -4.37114e-08 0.707107 -0.707107 -3.09086e-08 1 0 -4.37114e-08 1 0 -4.37114e-08 0.707107 0.707107 -3.09086e-08 1 0 -4.37114e-08 1 0 -4.37114e-08 0.707107 -0.707107 -3.09086e-08 1 0 -4.37114e-08 1 0 -4.37114e-08 0.707107 0.707107 -3.09086e-08 0.707107 0 0.707107 0.707107 0 0.707107 0.57735 -0.57735 0.57735 0.707107 0 0.707107 0.707107 0 0.707107 0.57735 0.57735 0.57735 1 0 -4.37114e-08 1 0 -4.37114e-08 0.707107 -0.707107 -3.09086e-08 1 0 -4.37114e-08 1 0 -4.37114e-08 0.707107 0.707107 -3.09086e-08 1 0 -4.37114e-08 1 0 -4.37114e-08 0.707107 -0.707107 -3.09086e-08 1 0 -4.37114e-08 1 0 -4.37114e-08 0.707107 0.707107 -3.09086e-08 0.707107 0 -0.707107 0.707107 0 -0.707107 0.57735 -0.57735 -0.57735 0.707107 0 -0.707107 0.707107 0 -0.707107 0.57735 0.57735 -0.57735 -8.74228e-08 0 -1 -8.74228e-08 0 -1 -6.18172e-08 -0.707107 -0.707107 -8.74228e-08 0 -1 -8.74228e-08 0 -1 -6.18172e-08 0.707107 -0.707107 -8.74228e-08 0 -1 -8.74228e-08 0 -1 -6.18172e-08 -0.707107 -0.707107 -8.74228e-08 0 -1 -8.74228e-08 0 -1 -6.18172e-08 0.707107 -0.707107 0.707107 0 -0.707107 0.707107 0 -0.707107 0.57735 -0.57735 -0.57735 0.707107 0 -0.707107 0.707107 0 -0.707107 0.57735 0.57735 -0.57735 -8.74228e-08 0 -1 -8.74228e-08 0 -1 -6.18172e-08 -0.707107 -0.707107 -8.74228e-08 0 -1 -8.74228e-08 0 -1 -6.18172e-08 0.707107 -0.707107 -8.74228e-08 0 -1 -8.74228e-08 0 -1 -6.18172e-08 -0.707107 -0.707107 -8.74228e-08 0 -1 -8.74228e-08 0 -1 -6.18172e-08 0.707107 -0.707107 -0.707107 0 -0.707107 -0.707107 0 -0.707107 -0.57735 -0.57735 -0.57735 -0.707107 0 -0.707107 -0.707107 0 -0.707107 -0.57735 0.57735 -0.57735 -1 0 1.19249e-08 -1 0 1.19249e-08 -0.707107 -0.707107 8.43216e-09 -1 0 1.19249e-08 -1 0 1.19249e-08 -0.707107 0.707107 8.43216e-09 -1 0 1.19249e-08 -1 0 1.19249e-08 -0.707107 -0.707107 8.43216e-09 -1 0 1.19249e-08 -1 0 1.19249e-08 -0.707107 0.707107 8.43216e-09 -0.707107 0 -0.707107 -0.707107 0 -0.707107 -0.57735 -0.57735 -0.57735 -0.707107 0 -0.707107 -0.707107 0 -0.707107 -0.57735 0.57735 -0.57735 -1 0 1.19249e-08 -1 0 1.19249e-08 -0.707107 -0.707107 8.43216e-09 -1 0 1.19249e-08 -1 0 1.19249e-08 -0.707107 0.707107 8.43216e-09 -1 0 1.19249e-08 -1 0 1.19249e-08 -0.707107 -0.707107 8.43216e-09 -1 0 1.19249e-08 -1 0 1.19249e-08 -0.707107 0.707107 8.43216e-09 -0.707107 0 0.707107 -0.707107 0 0.707107 -0.57735 -0.57735 0.57735 -0.707107 0 0.707107 -0.707107 0 0.707107 -0.57735 0.57735 0.57735 0 1 -4.37114e-08 0 1 -4.37114e-08 0 0.707107 0.707107 0 1 -4.37114e-08 0 1 -4.37114e-08 0 0.707107 -0.707107 0 1 -4.37114e-08 0 1 -4.37114e-08 0 0.707107 0.707107 0 1 -4.37114e-08 0 1 -4.37114e-08 0 0.707107 -0.707107 -0.707107 0.707107 -3.09086e-08 -0.707107 0.707107 -3.09086e-08 -0.57735 0.57735 0.57735 -0.707107 0.707107 -3.09086e-08 -0.707107 0.707107 -3.09086e-08 -0.57735 0.57735 -0.57735 0 1 -4.37114e-08 0 1 -4.37114e-08 0 0.707107 0.707107 0 1 -4.37114e-08 0 1 -4.37114e-08 0 0.707107 -0.707107 0 1 -4.37114e-08 0 1 -4.37114e-08 0 0.707107 0.707107 0 1 -4.37114e-08 0 1 -4.37114e-08 0 0.707107 -0.707107 0.707107 0.707107 -3.09086e-08 0.707107 0.707107 -3.09086e-08 0.57735 0.57735 0.57735 0.707107 0.707107 -3.09086e-08 0.707107 0.707107 -3.09086e-08 0.57735 0.57735 -0.57735 0 -1 -4.37114e-08 0 -1 -4.37114e-08 0 -0.707107 -0.707107 0 -1 -4.37114e-08 0 -1 -4.37114e-08 0 -0.707107 0.707107 0 -1 -4.37114e-08 0 -1 -4.37114e-08 0 -0.707107 -0.707107 0 -1 -4.37114e-08 0 -1 -4.37114e-08 0 -0.707107 0.707107 -0.707107 -0.707107 -3.09086e-08 -0.707107 -0.707107 -3.09086e-08 -0.57735 -0.57735 -0.57735 -0.707107 -0.707107 -3.09086e-08 -0.707107 -0.707107 -3.09086e-08 -0.57735 -0.57735 0.57735 0 -1 -4.37114e-08 0 -1 -4.37114e-08 0 -0.707107 -0.707107 0 -1 -4.37114e-08 0 -1 -4.37114e-08 0 -0.707107 0.707107 0 -1 -4.37114e-08 0 -1 -4.37114e-08 0 -0.707107 -0.707107 0 -1 -4.37114e-08 0 -1 -4.37114e-08 0 -0.707107 0.707107 0.707107 -0.707107 -3.09086e-08 0.707107 -0.707107 -3.09086e-08 0.57735 -0.57735 -0.57735 0.707107 -0.707107 -3.09086e-08 0.707107 -0.707107 -3.09086e-08 0.57735 -0.57735 0.57735 </float_array>
     <technique_common>
      <accessor source="#ID102-array" count="216" stride="3">
       <param name="X" type="float"/>
       <param name="Y" type="float"/>
       <param name="Z" type="float"/>
      </accessor>
     </technique_common>
    </source>
    <source id="geometrySource103">
     <float_array id="ID104-array" count="432">0.0129534 0.333333 0.0129534 0.666667 0.0129534 0 0.0129534 0.333333 0.0129534 0.666667 0.0129534 1 0.987047 0.333333 0.987047 0.666667 0.987047 0 0.987047 0.333333 0.987047 0.666667 0.987047 1 0 0.333333 0 0.666667 0 0 0 0.333333 0 0.666667 0 1 0.0129534 0.333333 0.0129534 0.666667 0.0129534 0 0.0129534 0.333333 0.0129534 0.666667 0.0129534 1 0.987047 0.333333 0.987047 0.666667 0.987047 0 0.987047 0.333333 0.987047 0.666667 0.987047 1 1 0.333333 1 0.666667 1 0 1 0.333333 1 0.666667 1 1 0.454545 0.333333 0.454545 0.666667 0.454545 0 0.454545 0.333333 0.454545 0.666667 0.454545 1 0.545455 0.333333 0.545455 0.666667 0.545455 0 0.545455 0.333333 0.545455 0.666667 0.545455 1 0 0.333333 0 0.666667 0 0 0 0.333333 0 0.666667 0 1 0.454545 0.333333 0.454545 0.666667 0.454545 0 0.454545 0.333333 0.454545 0.666667 0.454545 1 0.545455 0.333333 0.545455 0.666667 0.545455 0 0.545455 0.333333 0.545455 0.666667 0.545455 1 1 0.333333 1 0.666667 1 0 1 0.333333 1 0.666667 1 1 0.0129534 0.333333 0.0129534 0.666667 0.0129534 0 0.0129534 0.333333 0.0129534 0.666667 0.0129534 1 0.987047 0.333333 0.987047 0.666667 0.987047 0 0.987047 0.333333 0.987047 0.666667 0.987047 1 0 0.333333 0 0.666667 0 0 0 0.333333 0 0.666667 0 1 0.0129534 0.333333 0.0129534 0.666667 0.0129534 0 0.0129534 0.333333 0.0129534 0.666667 0.0129534 1 0.987047 0.333333 0.987047 0.666667 0.987047 0 0.987047 0.333333 0.987047 0.666667 0.987047 1 1 0.333333 1 0.666667 1 0 1 0.333333 1 0.666667 1 1 0.454545 0.333333 0.454545 0.666667 0.454545 0 0.454545 0.333333 0.454545 0.666667 0.454545 1 0.545455 0.333333 0.545455 0.666667 0.545455 0 0.545455 0.333333 0.545455 0.666667 0.545455 1 0 0.333333 0 0.666667 0 0 0 0.333333 0 0.666667 0 1 0.454545 0.333333 0.454545 0.666667 0.454545 0 0.454545 0.333333 0.454545 0.666667 0.454545 1 0.545455 0.333333 0.545455 0.666667 0.545455 0 0.545455 0.333333 0.545455 0.666667 0.545455 1 1 0.333333 1 0.666667 1 0 1 0.333333 1 0.666667 1 1 0.0129534 0.454545 0.0129534 0.545455 0.0129534 0 0.0129534 0.454545 0.0129534 0.545455 0.0129534 1 0.987047 0.454545 0.987047 0.545455 0.987047 0 0.987047 0.454545 0.987047 0.545455 0.987047 1 0 0.454545 0 0.545455 0 0 0 0.454545 0 0.545455 0 1 0.0129534 0.454545 0.0129534 0.545455 0.0129534 0 0.0129534 0.454545 0.0129534 0.545455 0.0129534 1 0.987047 0.454545 0.987047 0.545455 0.987047 0 0.987047 0.454545 0.987047 0.545455 0.987047 1 1 0.454545 1 0.545455 1 0 1 0.454545 1 0.545455 1 1 0.0129534 0.454545 0.0129534 0.545455 0.0129534 0 0.0129534 0.454545 0.0129534 0.545455 0.0129534 1 0.987047 0.454545 0.987047 0.545455 0.987047 0 0.987047 0.454545 0.987047 0.545455 0.987047 1 0 0.454545 0 0.545455 0 0 0 0.454545 0 0.545455 0 1 0.0129534 0.454545 0.0129534 0.545455 0.0129534 0 0.0129534 0.454545 0.0129534 0.545455 0.0129534 1 0.987047 0.454545 0.987047 0.545455 0.987047 0 0.987047 0.454545 0.987047 0.545455 0.987047 1 1 0.454545 1 0.545455 1 0 1 0.454545 1 0.545455 1 1 </float_array>
     <technique_common>
      <accessor source="#ID104-array" count="216" stride="2">
       <param name="S" type="float"/>
       <param name="T" type="float"/>
      </accessor>
     </technique_common>
    </source>
    <vertices id="geometrySource99-vertices">
     <input semantic="POSITION" source="#geometrySource99"/>
     <input semantic="NORMAL" source="#geometrySource101"/>
    </vertices>
    <triangles count="108" material="geometryElement105">
     <input semantic="VERTEX" offset="0" source="#geometrySource99-vertices"/>
     <input semantic="NORMAL" offset="0" source="#geometrySource101"/>
     <input semantic="TEXCOORD" offset="0" source="#geometrySource103" set="1"/>
     <p>0 7 1 0 6 7 2 9 3 2 8 9 4 11 5 4 10 11 12 19 13 12 18 19 14 21 15 14 20 21 16 23 17 16 22 23 24 31 25 24 30 31 26 33 27 26 32 33 28 35 29 28 34 35 36 43 37 36 42 43 38 45 39 38 44 45 40 47 41 40 46 47 48 55 49 48 54 55 50 57 51 50 56 57 52 59 53 52 58 59 60 67 61 60 66 67 62 69 63 62 68 69 64 71 65 64 70 71 72 79 73 72 78 79 74 81 75 74 80 81 76 83 77 76 82 83 84 91 85 84 90 91 86 93 87 86 92 93 88 95 89 88 94 95 96 103 97 96 102 103 98 105 99 98 104 105 100 107 101 100 106 107 108 115 109 108 114 115 110 117 111 110 116 117 112 119 113 112 118 119 120 127 121 120 126 127 122 129 123 122 128 129 124 131 125 124 130 131 132 139 133 132 138 139 134 141 135 134 140 141 136 143 137 136 142 143 144 151 145 144 150 151 146 153 147 146 152 153 148 155 149 148 154 155 156 163 157 156 162 163 158 165 159 158 164 165 160 167 161 160 166 167 168 175 169 168 174 175 170 177 171 170 176 177 172 179 173 172 178 179 180 187 181 180 186 187 182 189 183 182 188 189 184 191 185 184 190 191 192 199 193 192 198 199 194 201 195 194 200 201 196 203 197 196 202 203 204 211 205 204 210 211 206 213 207 206 212 213 208 215 209 208 214 215 </p>
    </triangles>
   </mesh>
  </geometry>
  <geometry id="geometry106">
   <mesh>
    <triangles count="108" material="geometryElement105">
     <input semantic="VERTEX" offset="0" source="#geometrySource99-vertices"/>
     <input semantic="NORMAL" offset="0" source="#geometrySource101"/>
     <input semantic="TEXCOORD" offset="0" source="#geometrySource103" set="1"/>
     <p>0 7 1 0 6 7 2 9 3 2 8 9 4 11 5 4 10 11 12 19 13 12 18 19 14 21 15 14 20 21 16 23 17 16 22 23 24 31 25 24 30 31 26 33 27 26 32 33 28 35 29 28 34 35 36 43 37 36 42 43 38 45 39 38 44 45 40 47 41 40 46 47 48 55 49 48 54 55 50 57 51 50 56 57 52 59 53 52 58 59 60 67 61 60 66 67 62 69 63 62 68 69 64 71 65 64 70 71 72 79 73 72 78 79 74 81 75 74 80 81 76 83 77 76 82 83 84 91 85 84 90 91 86 93 87 86 92 93 88 95 89 88 94 95 96 103 97 96 102 103 98 105 99 98 104 105 100 107 101 100 106 107 108 115 109 108 114 115 110 117 111 110 116 117 112 119 113 112 118 119 120 127 121 120 126 127 122 129 123 122 128 129 124 131 125 124 130 131 132 139 133 132 138 139 134 141 135 134 140 141 136 143 137 136 142 143 144 151 145 144 150 151 146 153 147 146 152 153 148 155 149 148 154 155 156 163 157 156 162 163 158 165 159 158 164 165 160 167 161 160 166 167 168 175 169 168 174 175 170 177 171 170 176 177 172 179 173 172 178 179 180 187 181 180 186 187 182 189 183 182 188 189 184 191 185 184 190 191 192 199 193 192 198 199 194 201 195 194 200 201 196 203 197 196 202 203 204 211 205 204 210 211 206 213 207 206 212 213 208 215 209 208 214 215 </p>
    </triangles>
   </mesh>
  </geometry>
  <geometry id="geometry107">
   <mesh>
    <source id="geometrySource108">
     <float_array id="ID109-array" count="648">-0.0025 -0.0125 0.595 -0.0025 0.0125 0.595 -0.0025 -0.0301777 0.587678 -0.0025 -0.0125 0.595 -0.0025 0.0125 0.595 -0.0025 0.0301777 0.587678 0.0025 -0.0125 0.595 0.0025 0.0125 0.595 0.0025 -0.0301777 0.587678 0.0025 -0.0125 0.595 0.0025 0.0125 0.595 0.0025 0.0301777 0.587678 -0.0201777 -0.0125 0.587678 -0.0201777 0.0125 0.587678 -0.0169338 -0.0269338 0.584434 -0.0201777 -0.0125 0.587678 -0.0201777 0.0125 0.587678 -0.0169338 0.0269338 0.584434 -0.0025 -0.0125 0.595 -0.0025 0.0125 0.595 -0.0025 -0.0301777 0.587678 -0.0025 -0.0125 0.595 -0.0025 0.0125 0.595 -0.0025 0.0301777 0.587678 0.0025 -0.0125 0.595 0.0025 0.0125 0.595 0.0025 -0.0301777 0.587678 0.0025 -0.0125 0.595 0.0025 0.0125 0.595 0.0025 0.0301777 0.587678 0.0201777 -0.0125 0.587678 0.0201777 0.0125 0.587678 0.0169338 -0.0269338 0.584434 0.0201777 -0.0125 0.587678 0.0201777 0.0125 0.587678 0.0169338 0.0269338 0.584434 0.0275 -0.0125 0.57 0.0275 0.0125 0.57 0.0201777 -0.0301777 0.57 0.0275 -0.0125 0.57 0.0275 0.0125 0.57 0.0201777 0.0301777 0.57 0.0274999 -0.0125 -0.57 0.0274999 0.0125 -0.57 0.0201776 -0.0301777 -0.57 0.0274999 -0.0125 -0.57 0.0274999 0.0125 -0.57 0.0201776 0.0301777 -0.57 0.0201777 -0.0125 0.587678 0.0201777 0.0125 0.587678 0.0169338 -0.0269338 0.584434 0.0201777 -0.0125 0.587678 0.0201777 0.0125 0.587678 0.0169338 0.0269338 0.584434 0.0275 -0.0125 0.57 0.0275 0.0125 0.57 0.0201777 -0.0301777 0.57 0.0275 -0.0125 0.57 0.0275 0.0125 0.57 0.0201777 0.0301777 0.57 0.0274999 -0.0125 -0.57 0.0274999 0.0125 -0.57 0.0201776 -0.0301777 -0.57 0.0274999 -0.0125 -0.57 0.0274999 0.0125 -0.57 0.0201776 0.0301777 -0.57 0.0201776 -0.0125 -0.587678 0.0201776 0.0125 -0.587678 0.0169337 -0.0269338 -0.584434 0.0201776 -0.0125 -0.587678 0.0201776 0.0125 -0.587678 0.0169337 0.0269338 -0.584434 0.0024999 -0.0125 -0.595 0.0024999 0.0125 -0.595 0.0024999 -0.0301777 -0.587678 0.0024999 -0.0125 -0.595 0.0024999 0.0125 -0.595 0.0024999 0.0301777 -0.587678 -0.0025 -0.0125 -0.595 -0.0025 0.0125 -0.595 -0.0025 -0.0301777 -0.587678 -0.0025 -0.0125 -0.595 -0.0025 0.0125 -0.595 -0.0025 0.0301777 -0.587678 0.0201776 -0.0125 -0.587678 0.0201776 0.0125 -0.587678 0.0169337 -0.0269338 -0.584434 0.0201776 -0.0125 -0.587678 0.0201776 0.0125 -0.587678 0.0169337 0.0269338 -0.584434 0.0024999 -0.0125 -0.595 0.0024999 0.0125 -0.595 0.0024999 -0.0301777 -0.587678 0.0024999 -0.0125 -0.595 0.0024999 0.0125 -0.595 0.0024999 0.0301777 -0.587678 -0.0025 -0.0125 -0.595 -0.0025 0.0125 -0.595 -0.0025 -0.0301777 -0.587678 -0.0025 -0.0125 -0.595 -0.0025 0.0125 -0.595 -0.0025 0.0301777 -0.587678 -0.0201777 -0.0125 -0.587678 -0.0201777 0.0125 -0.587678 -0.0169338 -0.0269338 -0.584434 -0.0201777 -0.0125 -0.587678 -0.0201777 0.0125 -0.587678 -0.0169338 0.0269338 -0.584434 -0.0275 -0.0125 -0.57 -0.0275 0.0125 -0.57 -0.0201777 -0.0301777 -0.57 -0.0275 -0.0125 -0.57 -0.0275 0.0125 -0.57 -0.0201777 0.0301777 -0.57 -0.0275 -0.0125 0.57 -0.0275 0.0125 0.57 -0.0201777 -0.0301777 0.57 -0.0275 -0.0125 0.57 -0.0275 0.0125 0.57 -0.0201777 0.0301777 0.57 -0.0201777 -0.0125 -0.587678 -0.0201777 0.0125 -0.587678 -0.0169338 -0.0269338 -0.584434 -0.0201777 -0.0125 -0.587678 -0.0201777 0.0125 -0.587678 -0.0169338 0.0269338 -0.584434 -0.0275 -0.0125 -0.57 -0.0275 0.0125 -0.57 -0.0201777 -0.0301777 -0.57 -0.0275 -0.0125 -0.57 -0.0275 0.0125 -0.57 -0.0201777 0.0301777 -0.57 -0.0275 -0.0125 0.57 -0.0275 0.0125 0.57 -0.0201777 -0.0301777 0.57 -0.0275 -0.0125 0.57 -0.0275 0.0125 0.57 -0.0201777 0.0301777 0.57 -0.0201777 -0.0125 0.587678 -0.0201777 0.0125 0.587678 -0.0169337 -0.0269338 0.584434 -0.0201777 -0.0125 0.587678 -0.0201777 0.0125 0.587678 -0.0169337 0.0269338 0.584434 -0.0025 0.0375 0.57 -0.0025 0.0374999 -0.57 -0.0025 0.0301777 0.587678 -0.0025 0.0375 0.57 -0.0025 0.0374999 -0.57 -0.0025 0.0301776 -0.587678 0.0025 0.0375 0.57 0.0025 0.0374999 -0.57 0.0025 0.0301777 0.587678 0.0025 0.0375 0.57 0.0025 0.0374999 -0.57 0.0025 0.0301776 -0.587678 -0.0201777 0.0301777 0.57 -0.0201777 0.0301776 -0.57 -0.0169338 0.0269338 0.584434 -0.0201777 0.0301777 0.57 -0.0201777 0.0301776 -0.57 -0.0169338 0.0269337 -0.584434 -0.0025 0.0375 0.57 -0.0025 0.0374999 -0.57 -0.0025 0.0301777 0.587678 -0.0025 0.0375 0.57 -0.0025 0.0374999 -0.57 -0.0025 0.0301776 -0.587678 0.0025 0.0375 0.57 0.0025 0.0374999 -0.57 0.0025 0.0301777 0.587678 0.0025 0.0375 0.57 0.0025 0.0374999 -0.57 0.0025 0.0301776 -0.587678 0.0201777 0.0301777 0.57 0.0201777 0.0301776 -0.57 0.0169338 0.0269338 0.584434 0.0201777 0.0301777 0.57 0.0201777 0.0301776 -0.57 0.0169338 0.0269337 -0.584434 -0.0025 -0.0375 -0.57 -0.0025 -0.0375001 0.57 -0.0025 -0.0301777 -0.587678 -0.0025 -0.0375 -0.57 -0.0025 -0.0375001 0.57 -0.0025 -0.0301777 0.587678 0.0025 -0.0375 -0.57 0.0025 -0.0375001 0.57 0.0025 -0.0301777 -0.587678 0.0025 -0.0375 -0.57 0.0025 -0.0375001 0.57 0.0025 -0.0301777 0.587678 -0.0201777 -0.0301777 -0.57 -0.0201777 -0.0301777 0.57 -0.0169338 -0.0269338 -0.584434 -0.0201777 -0.0301777 -0.57 -0.0201777 -0.0301777 0.57 -0.0169338 -0.0269338 0.584434 -0.0025 -0.0375 -0.57 -0.0025 -0.0375001 0.57 -0.0025 -0.0301777 -0.587678 -0.0025 -0.0375 -0.57 -0.0025 -0.0375001 0.57 -0.0025 -0.0301777 0.587678 0.0025 -0.0375 -0.57 0.0025 -0.0375001 0.57 0.0025 -0.0301777 -0.587678 0.0025 -0.0375 -0.57 0.0025 -0.0375001 0.57 0.0025 -0.0301777 0.587678 0.0201777 -0.0301777 -0.57 0.0201777 -0.0301777 0.57 0.0169338 -0.0269338 -0.584434 0.0201777 -0.0301777 -0.57 0.0201777 -0.0301777 0.57 0.0169338 -0.0269338 0.584434 </float_array>
     <technique_common>
      <accessor source="#ID109-array" count="216" stride="3">
       <param name="X" type="float"/>
       <param name="Y" type="float"/>
       <param name="Z" type="float"/>
      </accessor>
     </technique_common>
    </source>
    <source id="geometrySource110">
     <float_array id="ID111-array" count="648">0 0 1 0 0 1 0 -0.707107 0.707107 0 0 1 0 0 1 0 0.707107 0.707107 0 0 1 0 0 1 0 -0.707107 0.707107 0 0 1 0 0 1 0 0.707107 0.707107 -0.707107 0 0.707107 -0.707107 0 0.707107 -0.57735 -0.57735 0.57735 -0.707107 0 0.707107 -0.707107 0 0.707107 -0.57735 0.57735 0.57735 0 0 1 0 0 1 0 -0.707107 0.707107 0 0 1 0 0 1 0 0.707107 0.707107 0 0 1 0 0 1 0 -0.707107 0.707107 0 0 1 0 0 1 0 0.707107 0.707107 0.707107 0 0.707107 0.707107 0 0.707107 0.57735 -0.57735 0.57735 0.707107 0 0.707107 0.707107 0 0.707107 0.57735 0.57735 0.57735 1 0 -4.37114e-08 1 0 -4.37114e-08 0.707107 -0.707107 -3.09086e-08 1 0 -4.37114e-08 1 0 -4.37114e-08 0.707107 0.707107 -3.09086e-08 1 0 -4.37114e-08 1 0 -4.37114e-08 0.707107 -0.707107 -3.09086e-08 1 0 -4.37114e-08 1 0 -4.37114e-08 0.707107 0.707107 -3.09086e-08 0.707107 0 0.707107 0.707107 0 0.707107 0.57735 -0.57735 0.57735 0.707107 0 0.707107 0.707107 0 0.707107 0.57735 0.57735 0.57735 1 0 -4.37114e-08 1 0 -4.37114e-08 0.707107 -0.707107 -3.09086e-08 1 0 -4.37114e-08 1 0 -4.37114e-08 0.707107 0.707107 -3.09086e-08 1 0 -4.37114e-08 1 0 -4.37114e-08 0.707107 -0.707107 -3.09086e-08 1 0 -4.37114e-08 1 0 -4.37114e-08 0.707107 0.707107 -3.09086e-08 0.707107 0 -0.707107 0.707107 0 -0.707107 0.57735 -0.57735 -0.57735 0.707107 0 -0.707107 0.707107 0 -0.707107 0.57735 0.57735 -0.57735 -8.74228e-08 0 -1 -8.74228e-08 0 -1 -6.18172e-08 -0.707107 -0.707107 -8.74228e-08 0 -1 -8.74228e-08 0 -1 -6.18172e-08 0.707107 -0.707107 -8.74228e-08 0 -1 -8.74228e-08 0 -1 -6.18172e-08 -0.707107 -0.707107 -8.74228e-08 0 -1 -8.74228e-08 0 -1 -6.18172e-08 0.707107 -0.707107 0.707107 0 -0.707107 0.707107 0 -0.707107 0.57735 -0.57735 -0.57735 0.707107 0 -0.707107 0.707107 0 -0.707107 0.57735 0.57735 -0.57735 -8.74228e-08 0 -1 -8.74228e-08 0 -1 -6.18172e-08 -0.707107 -0.707107 -8.74228e-08 0 -1 -8.74228e-08 0 -1 -6.18172e-08 0.707107 -0.707107 -8.74228e-08 0 -1 -8.74228e-08 0 -1 -6.18172e-08 -0.707107 -0.707107 -8.74228e-08 0 -1 -8.74228e-08 0 -1 -6.18172e-08 0.707107 -0.707107 -0.707107 0 -0.707107 -0.707107 0 -0.707107 -0.57735 -0.57735 -0.57735 -0.707107 0 -0.707107 -0.707107 0 -0.707107 -0.57735 0.57735 -0.57735 -1 0 1.19249e-08 -1 0 1.19249e-08 -0.707107 -0.707107 8.43216e-09 -1 0 1.19249e-08 -1 0 1.19249e-08 -0.707107 0.707107 8.43216e-09 -1 0 1.19249e-08 -1 0 1.19249e-08 -0.707107 -0.707107 8.43216e-09 -1 0 1.19249e-08 -1 0 1.19249e-08 -0.707107 0.707107 8.43216e-09 -0.707107 0 -0.707107 -0.707107 0 -0.707107 -0.57735 -0.57735 -0.57735 -0.707107 0 -0.707107 -0.707107 0 -0.707107 -0.57735 0.57735 -0.57735 -1 0 1.19249e-08 -1 0 1.19249e-08 -0.707107 -0.707107 8.43216e-09 -1 0 1.19249e-08 -1 0 1.19249e-08 -0.707107 0.707107 8.43216e-09 -1 0 1.19249e-08 -1 0 1.19249e-08 -0.707107 -0.707107 8.43216e-09 -1 0 1.19249e-08 -1 0 1.19249e-08 -0.707107 0.707107 8.43216e-09 -0.707107 0 0.707107 -0.707107 0 0.707107 -0.57735 -0.57735 0.57735 -0.707107 0 0.707107 -0.707107 0 0.707107 -0.57735 0.57735 0.57735 0 1 -4.37114e-08 0 1 -4.37114e-08 0 0.707107 0.707107 0 1 -4.37114e-08 0 1 -4.37114e-08 0 0.707107 -0.707107 0 1 -4.37114e-08 0 1 -4.37114e-08 0 0.707107 0.707107 0 1 -4.37114e-08 0 1 -4.37114e-08 0 0.707107 -0.707107 -0.707107 0.707107 -3.09086e-08 -0.707107 0.707107 -3.09086e-08 -0.57735 0.57735 0.57735 -0.707107 0.707107 -3.09086e-08 -0.707107 0.707107 -3.09086e-08 -0.57735 0.57735 -0.57735 0 1 -4.37114e-08 0 1 -4.37114e-08 0 0.707107 0.707107 0 1 -4.37114e-08 0 1 -4.37114e-08 0 0.707107 -0.707107 0 1 -4.37114e-08 0 1 -4.37114e-08 0 0.707107 0.707107 0 1 -4.37114e-08 0 1 -4.37114e-08 0 0.707107 -0.707107 0.707107 0.707107 -3.09086e-08 0.707107 0.707107 -3.09086e-08 0.57735 0.57735 0.57735 0.707107 0.707107 -3.09086e-08 0.707107 0.707107 -3.09086e-08 0.57735 0.57735 -0.57735 0 -1 -4.37114e-08 0 -1 -4.37114e-08 0 -0.707107 -0.707107 0 -1 -4.37114e-08 0 -1 -4.37114e-08 0 -0.707107 0.707107 0 -1 -4.37114e-08 0 -1 -4.37114e-08 0 -0.707107 -0.707107 0 -1 -4.37114e-08 0 -1 -4.37114e-08 0 -0.707107 0.707107 -0.707107 -0.707107 -3.09086e-08 -0.707107 -0.707107 -3.09086e-08 -0.57735 -0.57735 -0.57735 -0.707107 -0.707107 -3.09086e-08 -0.707107 -0.707107 -3.09086e-08 -0.57735 -0.57735 0.57735 0 -1 -4.37114e-08 0 -1 -4.37114e-08 0 -0.707107 -0.707107 0 -1 -4.37114e-08 0 -1 -4.37114e-08 0 -0.707107 0.707107 0 -1 -4.37114e-08 0 -1 -4.37114e-08 0 -0.707107 -0.707107 0 -1 -4.37114e-08 0 -1 -4.37114e-08 0 -0.707107 0.707107 0.707107 -0.707107 -3.09086e-08 0.707107 -0.707107 -3.09086e-08 0.57735 -0.57735 -0.57735 0.707107 -0.707107 -3.09086e-08 0.707107 -0.707107 -3.09086e-08 0.57735 -0.57735 0.57735 </float_array>
     <technique_common>
      <accessor source="#ID111-array" count="216" stride="3">
       <param name="X" type="float"/>
       <param name="Y" type="float"/>
       <param name="Z" type="float"/>
      </accessor>
     </technique_common>
    </source>
    <source id="geometrySource112">
     <float_array id="ID113-array" count="432">0.454545 0.333333 0.454545 0.666667 0.454545 0 0.454545 0.333333 0.454545 0.666667 0.454545 1 0.545455 0.333333 0.545455 0.666667 0.545455 0 0.545455 0.333333 0.545455 0.666667 0.545455 1 0 0.333333 0 0.666667 0 0 0 0.333333 0 0.666667 0 1 0.454545 0.333333 0.454545 0.666667 0.454545 0 0.454545 0.333333 0.454545 0.666667 0.454545 1 0.545455 0.333333 0.545455 0.666667 0.545455 0 0.545455 0.333333 0.545455 0.666667 0.545455 1 1 0.333333 1 0.666667 1 0 1 0.333333 1 0.666667 1 1 0.0210084 0.333333 0.0210084 0.666667 0.0210084 0 0.0210084 0.333333 0.0210084 0.666667 0.0210084 1 0.978992 0.333333 0.978992 0.666667 0.978992 0 0.978992 0.333333 0.978992 0.666667 0.978992 1 0 0.333333 0 0.666667 0 0 0 0.333333 0 0.666667 0 1 0.0210084 0.333333 0.0210084 0.666667 0.0210084 0 0.0210084 0.333333 0.0210084 0.666667 0.0210084 1 0.978992 0.333333 0.978992 0.666667 0.978992 0 0.978992 0.333333 0.978992 0.666667 0.978992 1 1 0.333333 1 0.666667 1 0 1 0.333333 1 0.666667 1 1 0.454546 0.333333 0.454546 0.666667 0.454546 0 0.454546 0.333333 0.454546 0.666667 0.454546 1 0.545454 0.333333 0.545454 0.666667 0.545454 0 0.545454 0.333333 0.545454 0.666667 0.545454 1 0 0.333333 0 0.666667 0 0 0 0.333333 0 0.666667 0 1 0.454546 0.333333 0.454546 0.666667 0.454546 0 0.454546 0.333333 0.454546 0.666667 0.454546 1 0.545454 0.333333 0.545454 0.666667 0.545454 0 0.545454 0.333333 0.545454 0.666667 0.545454 1 1 0.333333 1 0.666667 1 0 1 0.333333 1 0.666667 1 1 0.0210084 0.333333 0.0210084 0.666667 0.0210084 0 0.0210084 0.333333 0.0210084 0.666667 0.0210084 1 0.978992 0.333333 0.978992 0.666667 0.978992 0 0.978992 0.333333 0.978992 0.666667 0.978992 1 0 0.333333 0 0.666667 0 0 0 0.333333 0 0.666667 0 1 0.0210084 0.333333 0.0210084 0.666667 0.0210084 0 0.0210084 0.333333 0.0210084 0.666667 0.0210084 1 0.978992 0.333333 0.978992 0.666667 0.978992 0 0.978992 0.333333 0.978992 0.666667 0.978992 1 1 0.333333 1 0.666667 1 0 1 0.333333 1 0.666667 1 1 0.454545 0.0210084 0.454545 0.978992 0.454545 0 0.454545 0.0210084 0.454545 0.978992 0.454545 1 0.545455 0.0210084 0.545455 0.978992 0.545455 0 0.545455 0.0210084 0.545455 0.978992 0.545455 1 0 0.0210084 0 0.978992 0 0 0 0.0210084 0 0.978992 0 1 0.454545 0.0210084 0.454545 0.978992 0.454545 0 0.454545 0.0210084 0.454545 0.978992 0.454545 1 0.545455 0.0210084 0.545455 0.978992 0.545455 0 0.545455 0.0210084 0.545455 0.978992 0.545455 1 1 0.0210084 1 0.978992 1 0 1 0.0210084 1 0.978992 1 1 0.454545 0.0210084 0.454545 0.978992 0.454545 0 0.454545 0.0210084 0.454545 0.978992 0.454545 1 0.545455 0.0210084 0.545455 0.978992 0.545455 0 0.545455 0.0210084 0.545455 0.978992 0.545455 1 0 0.0210084 0 0.978992 0 0 0 0.0210084 0 0.978992 0 1 0.454545 0.0210084 0.454545 0.978992 0.454545 0 0.454545 0.0210084 0.454545 0.978992 0.454545 1 0.545455 0.0210084 0.545455 0.978992 0.545455 0 0.545455 0.0210084 0.545455 0.978992 0.545455 1 1 0.0210084 1 0.978992 1 0 1 0.0210084 1 0.978992 1 1 </float_array>
     <technique_common>
      <accessor source="#ID113-array" count="216" stride="2">
       <param name="S" type="float"/>
       <param name="T" type="float"/>
      </accessor>
     </technique_common>
    </source>
    <vertices id="geometrySource108-vertices">
     <input semantic="POSITION" source="#geometrySource108"/>
     <input semantic="NORMAL" source="#geometrySource110"/>
    </vertices>
    <triangles count="108" material="geometryElement114">
     <input semantic="VERTEX" offset="0" source="#geometrySource108-vertices"/>
     <input semantic="NORMAL" offset="0" source="#geometrySource110"/>
     <input semantic="TEXCOORD" offset="0" source="#geometrySource112" set="1"/>
     <p>0 7 1 0 6 7 2 9 3 2 8 9 4 11 5 4 10 11 12 19 13 12 18 19 14 21 15 14 20 21 16 23 17 16 22 23 24 31 25 24 30 31 26 33 27 26 32 33 28 35 29 28 34 35 36 43 37 36 42 43 38 45 39 38 44 45 40 47 41 40 46 47 48 55 49 48 54 55 50 57 51 50 56 57 52 59 53 52 58 59 60 67 61 60 66 67 62 69 63 62 68 69 64 71 65 64 70 71 72 79 73 72 78 79 74 81 75 74 80 81 76 83 77 76 82 83 84 91 85 84 90 91 86 93 87 86 92 93 88 95 89 88 94 95 96 103 97 96 102 103 98 105 99 98 104 105 100 107 101 100 106 107 108 115 109 108 114 115 110 117 111 110 116 117 112 119 113 112 118 119 120 127 121 120 126 127 122 129 123 122 128 129 124 131 125 124 130 131 132 139 133 132 138 139 134 141 135 134 140 141 136 143 137 136 142 143 144 151 145 144 150 151 146 153 147 146 152 153 148 155 149 148 154 155 156 163 157 156 162 163 158 165 159 158 164 165 160 167 161 160 166 167 168 175 169 168 174 175 170 177 171 170 176 177 172 179 173 172 178 179 180 187 181 180 186 187 182 189 183 182 188 189 184 191 185 184 190 191 192 199 193 192 198 199 194 201 195 194 200 201 196 203 197 196 202 203 204 211 205 204 210 211 206 213 207 206 212 213 208 215 209 208 214 215 </p>
    </triangles>
   </mesh>
  </geometry>
  <geometry id="geometry115">
   <mesh>
    <triangles count="108" material="geometryElement114">
     <input semantic="VERTEX" offset="0" source="#geometrySource108-vertices"/>
     <input semantic="NORMAL" offset="0" source="#geometrySource110"/>
     <input semantic="TEXCOORD" offset="0" source="#geometrySource112" set="1"/>
     <p>0 7 1 0 6 7 2 9 3 2 8 9 4 11 5 4 10 11 12 19 13 12 18 19 14 21 15 14 20 21 16 23 17 16 22 23 24 31 25 24 30 31 26 33 27 26 32 33 28 35 29 28 34 35 36 43 37 36 42 43 38 45 39 38 44 45 40 47 41 40 46 47 48 55 49 48 54 55 50 57 51 50 56 57 52 59 53 52 58 59 60 67 61 60 66 67 62 69 63 62 68 69 64 71 65 64 70 71 72 79 73 72 78 79 74 81 75 74 80 81 76 83 77 76 82 83 84 91 85 84 90 91 86 93 87 86 92 93 88 95 89 88 94 95 96 103 97 96 102 103 98 105 99 98 104 105 100 107 101 100 106 107 108 115 109 108 114 115 110 117 111 110 116 117 112 119 113 112 118 119 120 127 121 120 126 127 122 129 123 122 128 129 124 131 125 124 130 131 132 139 133 132 138 139 134 141 135 134 140 141 136 143 137 136 142 143 144 151 145 144 150 151 146 153 147 146 152 153 148 155 149 148 154 155 156 163 157 156 162 163 158 165 159 158 164 165 160 167 161 160 166 167 168 175 169 168 174 175 170 177 171 170 176 177 172 179 173 172 178 179 180 187 181 180 186 187 182 189 183 182 188 189 184 191 185 184 190 191 192 199 193 192 198 199 194 201 195 194 200 201 196 203 197 196 202 203 204 211 205 204 210 211 206 213 207 206 212 213 208 215 209 208 214 215 </p>
    </triangles>
   </mesh>
  </geometry>
  <geometry id="geometry116">
   <mesh>
    <triangles count="108" material="geometryElement105">
     <input semantic="VERTEX" offset="0" source="#geometrySource99-vertices"/>
     <input semantic="NORMAL" offset="0" source="#geometrySource101"/>
     <input semantic="TEXCOORD" offset="0" source="#geometrySource103" set="1"/>
     <p>0 7 1 0 6 7 2 9 3 2 8 9 4 11 5 4 10 11 12 19 13 12 18 19 14 21 15 14 20 21 16 23 17 16 22 23 24 31 25 24 30 31 26 33 27 26 32 33 28 35 29 28 34 35 36 43 37 36 42 43 38 45 39 38 44 45 40 47 41 40 46 47 48 55 49 48 54 55 50 57 51 50 56 57 52 59 53 52 58 59 60 67 61 60 66 67 62 69 63 62 68 69 64 71 65 64 70 71 72 79 73 72 78 79 74 81 75 74 80 81 76 83 77 76 82 83 84 91 85 84 90 91 86 93 87 86 92 93 88 95 89 88 94 95 96 103 97 96 102 103 98 105 99 98 104 105 100 107 101 100 106 107 108 115 109 108 114 115 110 117 111 110 116 117 112 119 113 112 118 119 120 127 121 120 126 127 122 129 123 122 128 129 124 131 125 124 130 131 132 139 133 132 138 139 134 141 135 134 140 141 136 143 137 136 142 143 144 151 145 144 150 151 146 153 147 146 152 153 148 155 149 148 154 155 156 163 157 156 162 163 158 165 159 158 164 165 160 167 161 160 166 167 168 175 169 168 174 175 170 177 171 170 176 177 172 179 173 172 178 179 180 187 181 180 186 187 182 189 183 182 188 189 184 191 185 184 190 191 192 199 193 192 198 199 194 201 195 194 200 201 196 203 197 196 202 203 204 211 205 204 210 211 206 213 207 206 212 213 208 215 209 208 214 215 </p>
    </triangles>
   </mesh>
  </geometry>
  <geometry id="geometry117">
   <mesh>
    <triangles count="108" material="geometryElement105">
     <input semantic="VERTEX" offset="0" source="#geometrySource99-vertices"/>
     <input semantic="NORMAL" offset="0" source="#geometrySource101"/>
     <input semantic="TEXCOORD" offset="0" source="#geometrySource103" set="1"/>
     <p>0 7 1 0 6 7 2 9 3 2 8 9 4 11 5 4 10 11 12 19 13 12 18 19 14 21 15 14 20 21 16 23 17 16 22 23 24 31 25 24 30 31 26 33 27 26 32 33 28 35 29 28 34 35 36 43 37 36 42 43 38 45 39 38 44 45 40 47 41 40 46 47 48 55 49 48 54 55 50 57 51 50 56 57 52 59 53 52 58 59 60 67 61 60 66 67 62 69 63 62 68 69 64 71 65 64 70 71 72 79 73 72 78 79 74 81 75 74 80 81 76 83 77 76 82 83 84 91 85 84 90 91 86 93 87 86 92 93 88 95 89 88 94 95 96 103 97 96 102 103 98 105 99 98 104 105 100 107 101 100 106 107 108 115 109 108 114 115 110 117 111 110 116 117 112 119 113 112 118 119 120 127 121 120 126 127 122 129 123 122 128 129 124 131 125 124 130 131 132 139 133 132 138 139 134 141 135 134 140 141 136 143 137 136 142 143 144 151 145 144 150 151 146 153 147 146 152 153 148 155 149 148 154 155 156 163 157 156 162 163 158 165 159 158 164 165 160 167 161 160 166 167 168 175 169 168 174 175 170 177 171 170 176 177 172 179 173 172 178 179 180 187 181 180 186 187 182 189 183 182 188 189 184 191 185 184 190 191 192 199 193 192 198 199 194 201 195 194 200 201 196 203 197 196 202 203 204 211 205 204 210 211 206 213 207 206 212 213 208 215 209 208 214 215 </p>
    </triangles>
   </mesh>
  </geometry>
  <geometry id="geometry118">
   <mesh>
    <triangles count="108" material="geometryElement114">
     <input semantic="VERTEX" offset="0" source="#geometrySource108-vertices"/>
     <input semantic="NORMAL" offset="0" source="#geometrySource110"/>
     <input semantic="TEXCOORD" offset="0" source="#geometrySource112" set="1"/>
     <p>0 7 1 0 6 7 2 9 3 2 8 9 4 11 5 4 10 11 12 19 13 12 18 19 14 21 15 14 20 21 16 23 17 16 22 23 24 31 25 24 30 31 26 33 27 26 32 33 28 35 29 28 34 35 36 43 37 36 42 43 38 45 39 38 44 45 40 47 41 40 46 47 48 55 49 48 54 55 50 57 51 50 56 57 52 59 53 52 58 59 60 67 61 60 66 67 62 69 63 62 68 69 64 71 65 64 70 71 72 79 73 72 78 79 74 81 75 74 80 81 76 83 77 76 82 83 84 91 85 84 90 91 86 93 87 86 92 93 88 95 89 88 94 95 96 103 97 96 102 103 98 105 99 98 104 105 100 107 101 100 106 107 108 115 109 108 114 115 110 117 111 110 116 117 112 119 113 112 118 119 120 127 121 120 126 127 122 129 123 122 128 129 124 131 125 124 130 131 132 139 133 132 138 139 134 141 135 134 140 141 136 143 137 136 142 143 144 151 145 144 150 151 146 153 147 146 152 153 148 155 149 148 154 155 156 163 157 156 162 163 158 165 159 158 164 165 160 167 161 160 166 167 168 175 169 168 174 175 170 177 171 170 176 177 172 179 173 172 178 179 180 187 181 180 186 187 182 189 183 182 188 189 184 191 185 184 190 191 192 199 193 192 198 199 194 201 195 194 200 201 196 203 197 196 202 203 204 211 205 204 210 211 206 213 207 206 212 213 208 215 209 208 214 215 </p>
    </triangles>
   </mesh>
  </geometry>
  <geometry id="geometry119">
   <mesh>
    <triangles count="108" material="geometryElement114">
     <input semantic="VERTEX" offset="0" source="#geometrySource108-vertices"/>
     <input semantic="NORMAL" offset="0" source="#geometrySource110"/>
     <input semantic="TEXCOORD" offset="0" source="#geometrySource112" set="1"/>
     <p>0 7 1 0 6 7 2 9 3 2 8 9 4 11 5 4 10 11 12 19 13 12 18 19 14 21 15 14 20 21 16 23 17 16 22 23 24 31 25 24 30 31 26 33 27 26 32 33 28 35 29 28 34 35 36 43 37 36 42 43 38 45 39 38 44 45 40 47 41 40 46 47 48 55 49 48 54 55 50 57 51 50 56 57 52 59 53 52 58 59 60 67 61 60 66 67 62 69 63 62 68 69 64 71 65 64 70 71 72 79 73 72 78 79 74 81 75 74 80 81 76 83 77 76 82 83 84 91 85 84 90 91 86 93 87 86 92 93 88 95 89 88 94 95 96 103 97 96 102 103 98 105 99 98 104 105 100 107 101 100 106 107 108 115 109 108 114 115 110 117 111 110 116 117 112 119 113 112 118 119 120 127 121 120 126 127 122 129 123 122 128 129 124 131 125 124 130 131 132 139 133 132 138 139 134 141 135 134 140 141 136 143 137 136 142 143 144 151 145 144 150 151 146 153 147 146 152 153 148 155 149 148 154 155 156 163 157 156 162 163 158 165 159 158 164 165 160 167 161 160 166 167 168 175 169 168 174 175 170 177 171 170 176 177 172 179 173 172 178 179 180 187 181 180 186 187 182 189 183 182 188 189 184 191 185 184 190 191 192 199 193 192 198 199 194 201 195 194 200 201 196 203 197 196 202 203 204 211 205 204 210 211 206 213 207 206 212 213 208 215 209 208 214 215 </p>
    </triangles>
   </mesh>
  </geometry>
  <geometry id="geometry120">
   <mesh>
    <source id="geometrySource121">
     <float_array id="ID122-array" count="648">-0.045 -0.32 0.025 -0.045 0.32 0.025 -0.045 -0.337678 0.0176777 -0.045 -0.32 0.025 -0.045 0.32 0.025 -0.045 0.337678 0.0176777 0.045 -0.32 0.025 0.045 0.32 0.025 0.045 -0.337678 0.0176777 0.045 -0.32 0.025 0.045 0.32 0.025 0.045 0.337678 0.0176777 -0.0626777 -0.32 0.0176777 -0.0626777 0.32 0.0176777 -0.0594338 -0.334434 0.0144338 -0.0626777 -0.32 0.0176777 -0.0626777 0.32 0.0176777 -0.0594338 0.334434 0.0144338 -0.045 -0.32 0.025 -0.045 0.32 0.025 -0.045 -0.337678 0.0176777 -0.045 -0.32 0.025 -0.045 0.32 0.025 -0.045 0.337678 0.0176777 0.045 -0.32 0.025 0.045 0.32 0.025 0.045 -0.337678 0.0176777 0.045 -0.32 0.025 0.045 0.32 0.025 0.045 0.337678 0.0176777 0.0626777 -0.32 0.0176777 0.0626777 0.32 0.0176777 0.0594338 -0.334434 0.0144338 0.0626777 -0.32 0.0176777 0.0626777 0.32 0.0176777 0.0594338 0.334434 0.0144338 0.07 -0.32 6.65493e-10 0.07 0.32 6.65493e-10 0.0626777 -0.337678 9.85562e-10 0.07 -0.32 6.65493e-10 0.07 0.32 6.65493e-10 0.0626777 0.337678 9.85562e-10 0.07 -0.32 -6.78509e-09 0.07 0.32 -6.78509e-09 0.0626777 -0.337678 -6.46502e-09 0.07 -0.32 -6.78509e-09 0.07 0.32 -6.78509e-09 0.0626777 0.337678 -6.46502e-09 0.0626777 -0.32 0.0176777 0.0626777 0.32 0.0176777 0.0594338 -0.334434 0.0144338 0.0626777 -0.32 0.0176777 0.0626777 0.32 0.0176777 0.0594338 0.334434 0.0144338 0.07 -0.32 6.65493e-10 0.07 0.32 6.65493e-10 0.0626777 -0.337678 9.85562e-10 0.07 -0.32 6.65493e-10 0.07 0.32 6.65493e-10 0.0626777 0.337678 9.85562e-10 0.07 -0.32 -6.78509e-09 0.07 0.32 -6.78509e-09 0.0626777 -0.337678 -6.46502e-09 0.07 -0.32 -6.78509e-09 0.07 0.32 -6.78509e-09 0.0626777 0.337678 -6.46502e-09 0.0626777 -0.32 -0.0176777 0.0626777 0.32 -0.0176777 0.0594338 -0.334434 -0.0144338 0.0626777 -0.32 -0.0176777 0.0626777 0.32 -0.0176777 0.0594338 0.334434 -0.0144338 0.045 -0.32 -0.025 0.045 0.32 -0.025 0.045 -0.337678 -0.0176777 0.045 -0.32 -0.025 0.045 0.32 -0.025 0.045 0.337678 -0.0176777 -0.045 -0.32 -0.025 -0.045 0.32 -0.025 -0.045 -0.337678 -0.0176777 -0.045 -0.32 -0.025 -0.045 0.32 -0.025 -0.045 0.337678 -0.0176777 0.0626777 -0.32 -0.0176777 0.0626777 0.32 -0.0176777 0.0594338 -0.334434 -0.0144338 0.0626777 -0.32 -0.0176777 0.0626777 0.32 -0.0176777 0.0594338 0.334434 -0.0144338 0.045 -0.32 -0.025 0.045 0.32 -0.025 0.045 -0.337678 -0.0176777 0.045 -0.32 -0.025 0.045 0.32 -0.025 0.045 0.337678 -0.0176777 -0.045 -0.32 -0.025 -0.045 0.32 -0.025 -0.045 -0.337678 -0.0176777 -0.045 -0.32 -0.025 -0.045 0.32 -0.025 -0.045 0.337678 -0.0176777 -0.0626777 -0.32 -0.0176777 -0.0626777 0.32 -0.0176777 -0.0594338 -0.334434 -0.0144338 -0.0626777 -0.32 -0.0176777 -0.0626777 0.32 -0.0176777 -0.0594338 0.334434 -0.0144338 -0.07 -0.32 8.34742e-10 -0.07 0.32 8.34742e-10 -0.0626777 -0.337678 7.47424e-10 -0.07 -0.32 8.34742e-10 -0.07 0.32 8.34742e-10 -0.0626777 0.337678 7.47424e-10 -0.07 -0.32 8.34742e-10 -0.07 0.32 8.34742e-10 -0.0626777 -0.337678 7.47424e-10 -0.07 -0.32 8.34742e-10 -0.07 0.32 8.34742e-10 -0.0626777 0.337678 7.47424e-10 -0.0626777 -0.32 -0.0176777 -0.0626777 0.32 -0.0176777 -0.0594338 -0.334434 -0.0144338 -0.0626777 -0.32 -0.0176777 -0.0626777 0.32 -0.0176777 -0.0594338 0.334434 -0.0144338 -0.07 -0.32 8.34742e-10 -0.07 0.32 8.34742e-10 -0.0626777 -0.337678 7.47424e-10 -0.07 -0.32 8.34742e-10 -0.07 0.32 8.34742e-10 -0.0626777 0.337678 7.47424e-10 -0.07 -0.32 8.34742e-10 -0.07 0.32 8.34742e-10 -0.0626777 -0.337678 7.47424e-10 -0.07 -0.32 8.34742e-10 -0.07 0.32 8.34742e-10 -0.0626777 0.337678 7.47424e-10 -0.0626777 -0.32 0.0176777 -0.0626777 0.32 0.0176777 -0.0594338 -0.334434 0.0144338 -0.0626777 -0.32 0.0176777 -0.0626777 0.32 0.0176777 -0.0594338 0.334434 0.0144338 -0.045 0.345 -1.79268e-10 -0.045 0.345 -2.99816e-08 -0.045 0.337678 0.0176777 -0.045 0.345 -1.79268e-10 -0.045 0.345 -2.99816e-08 -0.045 0.337678 -0.0176777 0.045 0.345 -1.79268e-10 0.045 0.345 -2.99816e-08 0.045 0.337678 0.0176777 0.045 0.345 -1.79268e-10 0.045 0.345 -2.99816e-08 0.045 0.337678 -0.0176777 -0.0626777 0.337678 1.40802e-10 -0.0626777 0.337678 -2.96615e-08 -0.0594338 0.334434 0.0144338 -0.0626777 0.337678 1.40802e-10 -0.0626777 0.337678 -2.96615e-08 -0.0594338 0.334434 -0.0144338 -0.045 0.345 -1.79268e-10 -0.045 0.345 -2.99816e-08 -0.045 0.337678 0.0176777 -0.045 0.345 -1.79268e-10 -0.045 0.345 -2.99816e-08 -0.045 0.337678 -0.0176777 0.045 0.345 -1.79268e-10 0.045 0.345 -2.99816e-08 0.045 0.337678 0.0176777 0.045 0.345 -1.79268e-10 0.045 0.345 -2.99816e-08 0.045 0.337678 -0.0176777 0.0626777 0.337678 1.40802e-10 0.0626777 0.337678 -2.96615e-08 0.0594338 0.334434 0.0144338 0.0626777 0.337678 1.40802e-10 0.0626777 0.337678 -2.96615e-08 0.0594338 0.334434 -0.0144338 -0.045 -0.345 -1.79268e-10 -0.045 -0.345 -2.99816e-08 -0.045 -0.337678 -0.0176777 -0.045 -0.345 -1.79268e-10 -0.045 -0.345 -2.99816e-08 -0.045 -0.337678 0.0176776 0.045 -0.345 -1.79268e-10 0.045 -0.345 -2.99816e-08 0.045 -0.337678 -0.0176777 0.045 -0.345 -1.79268e-10 0.045 -0.345 -2.99816e-08 0.045 -0.337678 0.0176776 -0.0626777 -0.337678 1.40802e-10 -0.0626777 -0.337678 -2.96615e-08 -0.0594338 -0.334434 -0.0144338 -0.0626777 -0.337678 1.40802e-10 -0.0626777 -0.337678 -2.96615e-08 -0.0594338 -0.334434 0.0144337 -0.045 -0.345 -1.79268e-10 -0.045 -0.345 -2.99816e-08 -0.045 -0.337678 -0.0176777 -0.045 -0.345 -1.79268e-10 -0.045 -0.345 -2.99816e-08 -0.045 -0.337678 0.0176776 0.045 -0.345 -1.79268e-10 0.045 -0.345 -2.99816e-08 0.045 -0.337678 -0.0176777 0.045 -0.345 -1.79268e-10 0.045 -0.345 -2.99816e-08 0.045 -0.337678 0.0176776 0.0626777 -0.337678 1.40802e-10 0.0626777 -0.337678 -2.96615e-08 0.0594338 -0.334434 -0.0144338 0.0626777 -0.337678 1.40802e-10 0.0626777 -0.337678 -2.96615e-08 0.0594338 -0.334434 0.0144337 </float_array>
     <technique_common>
      <accessor source="#ID122-array" count="216" stride="3">
       <param name="X" type="float"/>
       <param name="Y" type="float"/>
       <param name="Z" type="float"/>
      </accessor>
     </technique_common>
    </source>
    <source id="geometrySource123">
     <float_array id="ID124-array" count="648">0 0 1 0 0 1 0 -0.707107 0.707107 0 0 1 0 0 1 0 0.707107 0.707107 0 0 1 0 0 1 0 -0.707107 0.707107 0 0 1 0 0 1 0 0.707107 0.707107 -0.707107 0 0.707107 -0.707107 0 0.707107 -0.57735 -0.57735 0.57735 -0.707107 0 0.707107 -0.707107 0 0.707107 -0.57735 0.57735 0.57735 0 0 1 0 0 1 0 -0.707107 0.707107 0 0 1 0 0 1 0 0.707107 0.707107 0 0 1 0 0 1 0 -0.707107 0.707107 0 0 1 0 0 1 0 0.707107 0.707107 0.707107 0 0.707107 0.707107 0 0.707107 0.57735 -0.57735 0.57735 0.707107 0 0.707107 0.707107 0 0.707107 0.57735 0.57735 0.57735 1 0 -4.37114e-08 1 0 -4.37114e-08 0.707107 -0.707107 -3.09086e-08 1 0 -4.37114e-08 1 0 -4.37114e-08 0.707107 0.707107 -3.09086e-08 1 0 -4.37114e-08 1 0 -4.37114e-08 0.707107 -0.707107 -3.09086e-08 1 0 -4.37114e-08 1 0 -4.37114e-08 0.707107 0.707107 -3.09086e-08 0.707107 0 0.707107 0.707107 0 0.707107 0.57735 -0.57735 0.57735 0.707107 0 0.707107 0.707107 0 0.707107 0.57735 0.57735 0.57735 1 0 -4.37114e-08 1 0 -4.37114e-08 0.707107 -0.707107 -3.09086e-08 1 0 -4.37114e-08 1 0 -4.37114e-08 0.707107 0.707107 -3.09086e-08 1 0 -4.37114e-08 1 0 -4.37114e-08 0.707107 -0.707107 -3.09086e-08 1 0 -4.37114e-08 1 0 -4.37114e-08 0.707107 0.707107 -3.09086e-08 0.707107 0 -0.707107 0.707107 0 -0.707107 0.57735 -0.57735 -0.57735 0.707107 0 -0.707107 0.707107 0 -0.707107 0.57735 0.57735 -0.57735 -8.74228e-08 0 -1 -8.74228e-08 0 -1 -6.18172e-08 -0.707107 -0.707107 -8.74228e-08 0 -1 -8.74228e-08 0 -1 -6.18172e-08 0.707107 -0.707107 -8.74228e-08 0 -1 -8.74228e-08 0 -1 -6.18172e-08 -0.707107 -0.707107 -8.74228e-08 0 -1 -8.74228e-08 0 -1 -6.18172e-08 0.707107 -0.707107 0.707107 0 -0.707107 0.707107 0 -0.707107 0.57735 -0.57735 -0.57735 0.707107 0 -0.707107 0.707107 0 -0.707107 0.57735 0.57735 -0.57735 -8.74228e-08 0 -1 -8.74228e-08 0 -1 -6.18172e-08 -0.707107 -0.707107 -8.74228e-08 0 -1 -8.74228e-08 0 -1 -6.18172e-08 0.707107 -0.707107 -8.74228e-08 0 -1 -8.74228e-08 0 -1 -6.18172e-08 -0.707107 -0.707107 -8.74228e-08 0 -1 -8.74228e-08 0 -1 -6.18172e-08 0.707107 -0.707107 -0.707107 0 -0.707107 -0.707107 0 -0.707107 -0.57735 -0.57735 -0.57735 -0.707107 0 -0.707107 -0.707107 0 -0.707107 -0.57735 0.57735 -0.57735 -1 0 1.19249e-08 -1 0 1.19249e-08 -0.707107 -0.707107 8.43216e-09 -1 0 1.19249e-08 -1 0 1.19249e-08 -0.707107 0.707107 8.43216e-09 -1 0 1.19249e-08 -1 0 1.19249e-08 -0.707107 -0.707107 8.43216e-09 -1 0 1.19249e-08 -1 0 1.19249e-08 -0.707107 0.707107 8.43216e-09 -0.707107 0 -0.707107 -0.707107 0 -0.707107 -0.57735 -0.57735 -0.57735 -0.707107 0 -0.707107 -0.707107 0 -0.707107 -0.57735 0.57735 -0.57735 -1 0 1.19249e-08 -1 0 1.19249e-08 -0.707107 -0.707107 8.43216e-09 -1 0 1.19249e-08 -1 0 1.19249e-08 -0.707107 0.707107 8.43216e-09 -1 0 1.19249e-08 -1 0 1.19249e-08 -0.707107 -0.707107 8.43216e-09 -1 0 1.19249e-08 -1 0 1.19249e-08 -0.707107 0.707107 8.43216e-09 -0.707107 0 0.707107 -0.707107 0 0.707107 -0.57735 -0.57735 0.57735 -0.707107 0 0.707107 -0.707107 0 0.707107 -0.57735 0.57735 0.57735 0 1 -4.37114e-08 0 1 -4.37114e-08 0 0.707107 0.707107 0 1 -4.37114e-08 0 1 -4.37114e-08 0 0.707107 -0.707107 0 1 -4.37114e-08 0 1 -4.37114e-08 0 0.707107 0.707107 0 1 -4.37114e-08 0 1 -4.37114e-08 0 0.707107 -0.707107 -0.707107 0.707107 -3.09086e-08 -0.707107 0.707107 -3.09086e-08 -0.57735 0.57735 0.57735 -0.707107 0.707107 -3.09086e-08 -0.707107 0.707107 -3.09086e-08 -0.57735 0.57735 -0.57735 0 1 -4.37114e-08 0 1 -4.37114e-08 0 0.707107 0.707107 0 1 -4.37114e-08 0 1 -4.37114e-08 0 0.707107 -0.707107 0 1 -4.37114e-08 0 1 -4.37114e-08 0 0.707107 0.707107 0 1 -4.37114e-08 0 1 -4.37114e-08 0 0.707107 -0.707107 0.707107 0.707107 -3.09086e-08 0.707107 0.707107 -3.09086e-08 0.57735 0.57735 0.57735 0.707107 0.707107 -3.09086e-08 0.707107 0.707107 -3.09086e-08 0.57735 0.57735 -0.57735 0 -1 -4.37114e-08 0 -1 -4.37114e-08 0 -0.707107 -0.707107 0 -1 -4.37114e-08 0 -1 -4.37114e-08 0 -0.707107 0.707107 0 -1 -4.37114e-08 0 -1 -4.37114e-08 0 -0.707107 -0.707107 0 -1 -4.37114e-08 0 -1 -4.37114e-08 0 -0.707107 0.707107 -0.707107 -0.707107 -3.09086e-08 -0.707107 -0.707107 -3.09086e-08 -0.57735 -0.57735 -0.57735 -0.707107 -0.707107 -3.09086e-08 -0.707107 -0.707107 -3.09086e-08 -0.57735 -0.57735 0.57735 0 -1 -4.37114e-08 0 -1 -4.37114e-08 0 -0.707107 -0.707107 0 -1 -4.37114e-08 0 -1 -4.37114e-08 0 -0.707107 0.707107 0 -1 -4.37114e-08 0 -1 -4.37114e-08 0 -0.707107 -0.707107 0 -1 -4.37114e-08 0 -1 -4.37114e-08 0 -0.707107 0.707107 0.707107 -0.707107 -3.09086e-08 0.707107 -0.707107 -3.09086e-08 0.57735 -0.57735 -0.57735 0.707107 -0.707107 -3.09086e-08 0.707107 -0.707107 -3.09086e-08 0.57735 -0.57735 0.57735 </float_array>
     <technique_common>
      <accessor source="#ID124-array" count="216" stride="3">
       <param name="X" type="float"/>
       <param name="Y" type="float"/>
       <param name="Z" type="float"/>
      </accessor>
     </technique_common>
    </source>
    <source id="geometrySource125">
     <float_array id="ID126-array" count="432">0.178571 0.0362319 0.178571 0.963768 0.178571 0 0.178571 0.0362319 0.178571 0.963768 0.178571 1 0.821429 0.0362319 0.821429 0.963768 0.821429 0 0.821429 0.0362319 0.821429 0.963768 0.821429 1 0 0.0362319 0 0.963768 0 0 0 0.0362319 0 0.963768 0 1 0.178571 0.0362319 0.178571 0.963768 0.178571 0 0.178571 0.0362319 0.178571 0.963768 0.178571 1 0.821429 0.0362319 0.821429 0.963768 0.821429 0 0.821429 0.0362319 0.821429 0.963768 0.821429 1 1 0.0362319 1 0.963768 1 0 1 0.0362319 1 0.963768 1 1 0.5 0.0362319 0.5 0.963768 0.5 0 0.5 0.0362319 0.5 0.963768 0.5 1 0.5 0.0362319 0.5 0.963768 0.5 0 0.5 0.0362319 0.5 0.963768 0.5 1 0 0.0362319 0 0.963768 0 0 0 0.0362319 0 0.963768 0 1 0.5 0.0362319 0.5 0.963768 0.5 0 0.5 0.0362319 0.5 0.963768 0.5 1 0.5 0.0362319 0.5 0.963768 0.5 0 0.5 0.0362319 0.5 0.963768 0.5 1 1 0.0362319 1 0.963768 1 0 1 0.0362319 1 0.963768 1 1 0.178571 0.0362319 0.178571 0.963768 0.178571 0 0.178571 0.0362319 0.178571 0.963768 0.178571 1 0.821429 0.0362319 0.821429 0.963768 0.821429 0 0.821429 0.0362319 0.821429 0.963768 0.821429 1 0 0.0362319 0 0.963768 0 0 0 0.0362319 0 0.963768 0 1 0.178571 0.0362319 0.178571 0.963768 0.178571 0 0.178571 0.0362319 0.178571 0.963768 0.178571 1 0.821429 0.0362319 0.821429 0.963768 0.821429 0 0.821429 0.0362319 0.821429 0.963768 0.821429 1 1 0.0362319 1 0.963768 1 0 1 0.0362319 1 0.963768 1 1 0.5 0.0362319 0.5 0.963768 0.5 0 0.5 0.0362319 0.5 0.963768 0.5 1 0.5 0.0362319 0.5 0.963768 0.5 0 0.5 0.0362319 0.5 0.963768 0.5 1 0 0.0362319 0 0.963768 0 0 0 0.0362319 0 0.963768 0 1 0.5 0.0362319 0.5 0.963768 0.5 0 0.5 0.0362319 0.5 0.963768 0.5 1 0.5 0.0362319 0.5 0.963768 0.5 0 0.5 0.0362319 0.5 0.963768 0.5 1 1 0.0362319 1 0.963768 1 0 1 0.0362319 1 0.963768 1 1 0.178571 0.5 0.178571 0.5 0.178571 0 0.178571 0.5 0.178571 0.5 0.178571 1 0.821429 0.5 0.821429 0.5 0.821429 0 0.821429 0.5 0.821429 0.5 0.821429 1 0 0.5 0 0.5 0 0 0 0.5 0 0.5 0 1 0.178571 0.5 0.178571 0.5 0.178571 0 0.178571 0.5 0.178571 0.5 0.178571 1 0.821429 0.5 0.821429 0.5 0.821429 0 0.821429 0.5 0.821429 0.5 0.821429 1 1 0.5 1 0.5 1 0 1 0.5 1 0.5 1 1 0.178571 0.5 0.178571 0.5 0.178571 0 0.178571 0.5 0.178571 0.5 0.178571 1 0.821429 0.5 0.821429 0.5 0.821429 0 0.821429 0.5 0.821429 0.5 0.821429 1 0 0.5 0 0.5 0 0 0 0.5 0 0.5 0 1 0.178571 0.5 0.178571 0.5 0.178571 0 0.178571 0.5 0.178571 0.5 0.178571 1 0.821429 0.5 0.821429 0.5 0.821429 0 0.821429 0.5 0.821429 0.5 0.821429 1 1 0.5 1 0.5 1 0 1 0.5 1 0.5 1 1 </float_array>
     <technique_common>
      <accessor source="#ID126-array" count="216" stride="2">
       <param name="S" type="float"/>
       <param name="T" type="float"/>
      </accessor>
     </technique_common>
    </source>
    <vertices id="geometrySource121-vertices">
     <input semantic="POSITION" source="#geometrySource121"/>
     <input semantic="NORMAL" source="#geometrySource123"/>
    </vertices>
    <triangles count="108" material="geometryElement127">
     <input semantic="VERTEX" offset="0" source="#geometrySource121-vertices"/>
     <input semantic="NORMAL" offset="0" source="#geometrySource123"/>
     <input semantic="TEXCOORD" offset="0" source="#geometrySource125" set="1"/>
     <p>0 7 1 0 6 7 2 9 3 2 8 9 4 11 5 4 10 11 12 19 13 12 18 19 14 21 15 14 20 21 16 23 17 16 22 23 24 31 25 24 30 31 26 33 27 26 32 33 28 35 29 28 34 35 36 43 37 36 42 43 38 45 39 38 44 45 40 47 41 40 46 47 48 55 49 48 54 55 50 57 51 50 56 57 52 59 53 52 58 59 60 67 61 60 66 67 62 69 63 62 68 69 64 71 65 64 70 71 72 79 73 72 78 79 74 81 75 74 80 81 76 83 77 76 82 83 84 91 85 84 90 91 86 93 87 86 92 93 88 95 89 88 94 95 96 103 97 96 102 103 98 105 99 98 104 105 100 107 101 100 106 107 108 115 109 108 114 115 110 117 111 110 116 117 112 119 113 112 118 119 120 127 121 120 126 127 122 129 123 122 128 129 124 131 125 124 130 131 132 139 133 132 138 139 134 141 135 134 140 141 136 143 137 136 142 143 144 151 145 144 150 151 146 153 147 146 152 153 148 155 149 148 154 155 156 163 157 156 162 163 158 165 159 158 164 165 160 167 161 160 166 167 168 175 169 168 174 175 170 177 171 170 176 177 172 179 173 172 178 179 180 187 181 180 186 187 182 189 183 182 188 189 184 191 185 184 190 191 192 199 193 192 198 199 194 201 195 194 200 201 196 203 197 196 202 203 204 211 205 204 210 211 206 213 207 206 212 213 208 215 209 208 214 215 </p>
    </triangles>
   </mesh>
  </geometry>
  <geometry id="geometry128">
   <mesh>
    <source id="geometrySource129">
     <float_array id="ID130-array" count="162">4.53119e-18 -0.011 -0.037 4.53119e-18 0.011 -0.037 -0.026163 -0.011 -0.026163 -0.026163 0.011 -0.026163 -0.037 -0.011 -6.79679e-18 -0.037 0.011 -6.79679e-18 -0.026163 -0.011 0.026163 -0.026163 0.011 0.026163 -9.06239e-18 -0.011 0.037 -9.06239e-18 0.011 0.037 0.026163 -0.011 0.026163 0.026163 0.011 0.026163 0.037 -0.011 1.1328e-17 0.037 0.011 1.1328e-17 0.026163 -0.011 -0.026163 0.026163 0.011 -0.026163 1.35936e-17 -0.011 -0.037 1.35936e-17 0.011 -0.037 4.53119e-18 0.011 -0.037 0 0.011 -0 -0.026163 0.011 -0.026163 -0 0.011 -0 -0.037 0.011 -6.79679e-18 -0 0.011 -0 -0.026163 0.011 0.026163 -0 0.011 0 -9.06239e-18 0.011 0.037 -0 0.011 0 0.026163 0.011 0.026163 0 0.011 0 0.037 0.011 1.1328e-17 0 0.011 0 0.026163 0.011 -0.026163 0 0.011 -0 1.35936e-17 0.011 -0.037 0 0.011 -0 -6.46929e-09 -0.011 -0.037 0 -0.011 0 0.0261629 -0.011 -0.026163 0 -0.011 0 0.037 -0.011 -6.46929e-09 0 -0.011 0 0.026163 -0.011 0.0261629 0 -0.011 0 6.46929e-09 -0.011 0.037 0 -0.011 0 -0.0261629 -0.011 0.026163 0 -0.011 0 -0.037 -0.011 6.46929e-09 0 -0.011 0 -0.026163 -0.011 -0.0261629 0 -0.011 0 -6.46929e-09 -0.011 -0.037 0 -0.011 0 </float_array>
     <technique_common>
      <accessor source="#ID130-array" count="54" stride="3">
       <param name="X" type="float"/>
       <param name="Y" type="float"/>
       <param name="Z" type="float"/>
      </accessor>
     </technique_common>
    </source>
    <source id="geometrySource131">
     <float_array id="ID132-array" count="162">1.22465e-16 0 -1 1.22465e-16 0 -1 -0.707107 0 -0.707107 -0.707107 0 -0.707107 -1 0 -1.83697e-16 -1 0 -1.83697e-16 -0.707107 0 0.707107 -0.707107 0 0.707107 -2.44929e-16 0 1 -2.44929e-16 0 1 0.707107 0 0.707107 0.707107 0 0.707107 1 0 3.06162e-16 1 0 3.06162e-16 0.707107 0 -0.707107 0.707107 0 -0.707107 3.67394e-16 0 -1 3.67394e-16 0 -1 0 1 0 0 1 0 0 1 0 0 1 0 0 1 0 0 1 0 0 1 0 0 1 0 0 1 0 0 1 0 0 1 0 0 1 0 0 1 0 0 1 0 0 1 0 0 1 0 0 1 0 0 1 0 0 -1 0 0 -1 0 0 -1 0 0 -1 0 0 -1 0 0 -1 0 0 -1 0 0 -1 0 0 -1 0 0 -1 0 0 -1 0 0 -1 0 0 -1 0 0 -1 0 0 -1 0 0 -1 0 0 -1 0 0 -1 0 </float_array>
     <technique_common>
      <accessor source="#ID132-array" count="54" stride="3">
       <param name="X" type="float"/>
       <param name="Y" type="float"/>
       <param name="Z" type="float"/>
      </accessor>
     </technique_common>
    </source>
    <source id="geometrySource133">
     <float_array id="ID134-array" count="108">0 0 0 1 0.125 0 0.125 1 0.25 0 0.25 1 0.375 0 0.375 1 0.5 0 0.5 1 0.625 0 0.625 1 0.75 0 0.75 1 0.875 0 0.875 1 1 0 1 1 1 0.5 0.5 0.5 0.853553 0.146447 0.5 0.5 0.5 0 0.5 0.5 0.146447 0.146447 0.5 0.5 0 0.5 0.5 0.5 0.146447 0.853553 0.5 0.5 0.5 1 0.5 0.5 0.853553 0.853553 0.5 0.5 1 0.5 0.5 0.5 1 0.5 0.5 0.5 0.853553 0.146447 0.5 0.5 0.5 0 0.5 0.5 0.146447 0.146447 0.5 0.5 0 0.5 0.5 0.5 0.146447 0.853553 0.5 0.5 0.5 1 0.5 0.5 0.853553 0.853553 0.5 0.5 1 0.5 0.5 0.5 </float_array>
     <technique_common>
      <accessor source="#ID134-array" count="54" stride="2">
       <param name="S" type="float"/>
       <param name="T" type="float"/>
      </accessor>
     </technique_common>
    </source>
    <vertices id="geometrySource129-vertices">
     <input semantic="POSITION" source="#geometrySource129"/>
     <input semantic="NORMAL" source="#geometrySource131"/>
    </vertices>
    <triangles count="16" material="geometryElement135">
     <input semantic="VERTEX" offset="0" source="#geometrySource129-vertices"/>
     <input semantic="NORMAL" offset="0" source="#geometrySource131"/>
     <input semantic="TEXCOORD" offset="0" source="#geometrySource133" set="1"/>
     <p>0 3 1 0 2 3 2 5 3 2 4 5 4 7 5 4 6 7 6 9 7 6 8 9 8 11 9 8 10 11 10 13 11 10 12 13 12 15 13 12 14 15 14 17 15 14 16 17 </p>
    </triangles>
    <triangles count="8" material="geometryElement136">
     <input semantic="VERTEX" offset="0" source="#geometrySource129-vertices"/>
     <input semantic="NORMAL" offset="0" source="#geometrySource131"/>
     <input semantic="TEXCOORD" offset="0" source="#geometrySource133" set="1"/>
     <p>18 20 21 20 22 23 22 24 25 24 26 27 26 28 29 28 30 31 30 32 33 32 34 35 </p>
    </triangles>
    <triangles count="8" material="geometryElement137">
     <input semantic="VERTEX" offset="0" source="#geometrySource129-vertices"/>
     <input semantic="NORMAL" offset="0" source="#geometrySource131"/>
     <input semantic="TEXCOORD" offset="0" source="#geometrySource133" set="1"/>
     <p>36 38 39 38 40 41 40 42 43 42 44 45 44 46 47 46 48 49 48 50 51 50 52 53 </p>
    </triangles>
   </mesh>
  </geometry>
  <geometry id="geometry138">
   <mesh>
    <triangles count="16" material="geometryElement135">
     <input semantic="VERTEX" offset="0" source="#geometrySource129-vertices"/>
     <input semantic="NORMAL" offset="0" source="#geometrySource131"/>
     <input semantic="TEXCOORD" offset="0" source="#geometrySource133" set="1"/>
     <p>0 3 1 0 2 3 2 5 3 2 4 5 4 7 5 4 6 7 6 9 7 6 8 9 8 11 9 8 10 11 10 13 11 10 12 13 12 15 13 12 14 15 14 17 15 14 16 17 </p>
    </triangles>
    <triangles count="8" material="geometryElement136">
     <input semantic="VERTEX" offset="0" source="#geometrySource129-vertices"/>
     <input semantic="NORMAL" offset="0" source="#geometrySource131"/>
     <input semantic="TEXCOORD" offset="0" source="#geometrySource133" set="1"/>
     <p>18 20 21 20 22 23 22 24 25 24 26 27 26 28 29 28 30 31 30 32 33 32 34 35 </p>
    </triangles>
    <triangles count="8" material="geometryElement137">
     <input semantic="VERTEX" offset="0" source="#geometrySource129-vertices"/>
     <input semantic="NORMAL" offset="0" source="#geometrySource131"/>
     <input semantic="TEXCOORD" offset="0" source="#geometrySource133" set="1"/>
     <p>36 38 39 38 40 41 40 42 43 42 44 45 44 46 47 46 48 49 48 50 51 50 52 53 </p>
    </triangles>
   </mesh>
  </geometry>
  <geometry id="geometry139">
   <mesh>
    <triangles count="108" material="geometryElement127">
     <input semantic="VERTEX" offset="0" source="#geometrySource121-vertices"/>
     <input semantic="NORMAL" offset="0" source="#geometrySource123"/>
     <input semantic="TEXCOORD" offset="0" source="#geometrySource125" set="1"/>
     <p>0 7 1 0 6 7 2 9 3 2 8 9 4 11 5 4 10 11 12 19 13 12 18 19 14 21 15 14 20 21 16 23 17 16 22 23 24 31 25 24 30 31 26 33 27 26 32 33 28 35 29 28 34 35 36 43 37 36 42 43 38 45 39 38 44 45 40 47 41 40 46 47 48 55 49 48 54 55 50 57 51 50 56 57 52 59 53 52 58 59 60 67 61 60 66 67 62 69 63 62 68 69 64 71 65 64 70 71 72 79 73 72 78 79 74 81 75 74 80 81 76 83 77 76 82 83 84 91 85 84 90 91 86 93 87 86 92 93 88 95 89 88 94 95 96 103 97 96 102 103 98 105 99 98 104 105 100 107 101 100 106 107 108 115 109 108 114 115 110 117 111 110 116 117 112 119 113 112 118 119 120 127 121 120 126 127 122 129 123 122 128 129 124 131 125 124 130 131 132 139 133 132 138 139 134 141 135 134 140 141 136 143 137 136 142 143 144 151 145 144 150 151 146 153 147 146 152 153 148 155 149 148 154 155 156 163 157 156 162 163 158 165 159 158 164 165 160 167 161 160 166 167 168 175 169 168 174 175 170 177 171 170 176 177 172 179 173 172 178 179 180 187 181 180 186 187 182 189 183 182 188 189 184 191 185 184 190 191 192 199 193 192 198 199 194 201 195 194 200 201 196 203 197 196 202 203 204 211 205 204 210 211 206 213 207 206 212 213 208 215 209 208 214 215 </p>
    </triangles>
   </mesh>
  </geometry>
  <geometry id="geometry140">
   <mesh>
    <triangles count="16" material="geometryElement135">
     <input semantic="VERTEX" offset="0" source="#geometrySource129-vertices"/>
     <input semantic="NORMAL" offset="0" source="#geometrySource131"/>
     <input semantic="TEXCOORD" offset="0" source="#geometrySource133" set="1"/>
     <p>0 3 1 0 2 3 2 5 3 2 4 5 4 7 5 4 6 7 6 9 7 6 8 9 8 11 9 8 10 11 10 13 11 10 12 13 12 15 13 12 14 15 14 17 15 14 16 17 </p>
    </triangles>
    <triangles count="8" material="geometryElement136">
     <input semantic="VERTEX" offset="0" source="#geometrySource129-vertices"/>
     <input semantic="NORMAL" offset="0" source="#geometrySource131"/>
     <input semantic="TEXCOORD" offset="0" source="#geometrySource133" set="1"/>
     <p>18 20 21 20 22 23 22 24 25 24 26 27 26 28 29 28 30 31 30 32 33 32 34 35 </p>
    </triangles>
    <triangles count="8" material="geometryElement137">
     <input semantic="VERTEX" offset="0" source="#geometrySource129-vertices"/>
     <input semantic="NORMAL" offset="0" source="#geometrySource131"/>
     <input semantic="TEXCOORD" offset="0" source="#geometrySource133" set="1"/>
     <p>36 38 39 38 40 41 40 42 43 42 44 45 44 46 47 46 48 49 48 50 51 50 52 53 </p>
    </triangles>
   </mesh>
  </geometry>
  <geometry id="geometry141">
   <mesh>
    <triangles count="16" material="geometryElement135">
     <input semantic="VERTEX" offset="0" source="#geometrySource129-vertices"/>
     <input semantic="NORMAL" offset="0" source="#geometrySource131"/>
     <input semantic="TEXCOORD" offset="0" source="#geometrySource133" set="1"/>
     <p>0 3 1 0 2 3 2 5 3 2 4 5 4 7 5 4 6 7 6 9 7 6 8 9 8 11 9 8 10 11 10 13 11 10 12 13 12 15 13 12 14 15 14 17 15 14 16 17 </p>
    </triangles>
    <triangles count="8" material="geometryElement136">
     <input semantic="VERTEX" offset="0" source="#geometrySource129-vertices"/>
     <input semantic="NORMAL" offset="0" source="#geometrySource131"/>
     <input semantic="TEXCOORD" offset="0" source="#geometrySource133" set="1"/>
     <p>18 20 21 20 22 23 22 24 25 24 26 27 26 28 29 28 30 31 30 32 33 32 34 35 </p>
    </triangles>
    <triangles count="8" material="geometryElement137">
     <input semantic="VERTEX" offset="0" source="#geometrySource129-vertices"/>
     <input semantic="NORMAL" offset="0" source="#geometrySource131"/>
     <input semantic="TEXCOORD" offset="0" source="#geometrySource133" set="1"/>
     <p>36 38 39 38 40 41 40 42 43 42 44 45 44 46 47 46 48 49 48 50 51 50 52 53 </p>
    </triangles>
   </mesh>
  </geometry>
  <geometry id="geometry142">
   <mesh>
    <triangles count="108" material="geometryElement127">
     <input semantic="VERTEX" offset="0" source="#geometrySource121-vertices"/>
     <input semantic="NORMAL" offset="0" source="#geometrySource123"/>
     <input semantic="TEXCOORD" offset="0" source="#geometrySource125" set="1"/>
     <p>0 7 1 0 6 7 2 9 3 2 8 9 4 11 5 4 10 11 12 19 13 12 18 19 14 21 15 14 20 21 16 23 17 16 22 23 24 31 25 24 30 31 26 33 27 26 32 33 28 35 29 28 34 35 36 43 37 36 42 43 38 45 39 38 44 45 40 47 41 40 46 47 48 55 49 48 54 55 50 57 51 50 56 57 52 59 53 52 58 59 60 67 61 60 66 67 62 69 63 62 68 69 64 71 65 64 70 71 72 79 73 72 78 79 74 81 75 74 80 81 76 83 77 76 82 83 84 91 85 84 90 91 86 93 87 86 92 93 88 95 89 88 94 95 96 103 97 96 102 103 98 105 99 98 104 105 100 107 101 100 106 107 108 115 109 108 114 115 110 117 111 110 116 117 112 119 113 112 118 119 120 127 121 120 126 127 122 129 123 122 128 129 124 131 125 124 130 131 132 139 133 132 138 139 134 141 135 134 140 141 136 143 137 136 142 143 144 151 145 144 150 151 146 153 147 146 152 153 148 155 149 148 154 155 156 163 157 156 162 163 158 165 159 158 164 165 160 167 161 160 166 167 168 175 169 168 174 175 170 177 171 170 176 177 172 179 173 172 178 179 180 187 181 180 186 187 182 189 183 182 188 189 184 191 185 184 190 191 192 199 193 192 198 199 194 201 195 194 200 201 196 203 197 196 202 203 204 211 205 204 210 211 206 213 207 206 212 213 208 215 209 208 214 215 </p>
    </triangles>
   </mesh>
  </geometry>
  <geometry id="geometry143">
   <mesh>
    <triangles count="16" material="geometryElement135">
     <input semantic="VERTEX" offset="0" source="#geometrySource129-vertices"/>
     <input semantic="NORMAL" offset="0" source="#geometrySource131"/>
     <input semantic="TEXCOORD" offset="0" source="#geometrySource133" set="1"/>
     <p>0 3 1 0 2 3 2 5 3 2 4 5 4 7 5 4 6 7 6 9 7 6 8 9 8 11 9 8 10 11 10 13 11 10 12 13 12 15 13 12 14 15 14 17 15 14 16 17 </p>
    </triangles>
    <triangles count="8" material="geometryElement136">
     <input semantic="VERTEX" offset="0" source="#geometrySource129-vertices"/>
     <input semantic="NORMAL" offset="0" source="#geometrySource131"/>
     <input semantic="TEXCOORD" offset="0" source="#geometrySource133" set="1"/>
     <p>18 20 21 20 22 23 22 24 25 24 26 27 26 28 29 28 30 31 30 32 33 32 34 35 </p>
    </triangles>
    <triangles count="8" material="geometryElement137">
     <input semantic="VERTEX" offset="0" source="#geometrySource129-vertices"/>
     <input semantic="NORMAL" offset="0" source="#geometrySource131"/>
     <input semantic="TEXCOORD" offset="0" source="#geometrySource133" set="1"/>
     <p>36 38 39 38 40 41 40 42 43 42 44 45 44 46 47 46 48 49 48 50 51 50 52 53 </p>
    </triangles>
   </mesh>
  </geometry>
  <geometry id="geometry144">
   <mesh>
    <triangles count="16" material="geometryElement135">
     <input semantic="VERTEX" offset="0" source="#geometrySource129-vertices"/>
     <input semantic="NORMAL" offset="0" source="#geometrySource131"/>
     <input semantic="TEXCOORD" offset="0" source="#geometrySource133" set="1"/>
     <p>0 3 1 0 2 3 2 5 3 2 4 5 4 7 5 4 6 7 6 9 7 6 8 9 8 11 9 8 10 11 10 13 11 10 12 13 12 15 13 12 14 15 14 17 15 14 16 17 </p>
    </triangles>
    <triangles count="8" material="geometryElement136">
     <input semantic="VERTEX" offset="0" source="#geometrySource129-vertices"/>
     <input semantic="NORMAL" offset="0" source="#geometrySource131"/>
     <input semantic="TEXCOORD" offset="0" source="#geometrySource133" set="1"/>
     <p>18 20 21 20 22 23 22 24 25 24 26 27 26 28 29 28 30 31 30 32 33 32 34 35 </p>
    </triangles>
    <triangles count="8" material="geometryElement137">
     <input semantic="VERTEX" offset="0" source="#geometrySource129-vertices"/>
     <input semantic="NORMAL" offset="0" source="#geometrySource131"/>
     <input semantic="TEXCOORD" offset="0" source="#geometrySource133" set="1"/>
     <p>36 38 39 38 40 41 40 42 43 42 44 45 44 46 47 46 48 49 48 50 51 50 52 53 </p>
    </triangles>
   </mesh>
  </geometry>
  <geometry id="geometry145">
   <mesh>
    <triangles count="108" material="geometryElement127">
     <input semantic="VERTEX" offset="0" source="#geometrySource121-vertices"/>
     <input semantic="NORMAL" offset="0" source="#geometrySource123"/>
     <input semantic="TEXCOORD" offset="0" source="#geometrySource125" set="1"/>
     <p>0 7 1 0 6 7 2 9 3 2 8 9 4 11 5 4 10 11 12 19 13 12 18 19 14 21 15 14 20 21 16 23 17 16 22 23 24 31 25 24 30 31 26 33 27 26 32 33 28 35 29 28 34 35 36 43 37 36 42 43 38 45 39 38 44 45 40 47 41 40 46 47 48 55 49 48 54 55 50 57 51 50 56 57 52 59 53 52 58 59 60 67 61 60 66 67 62 69 63 62 68 69 64 71 65 64 70 71 72 79 73 72 78 79 74 81 75 74 80 81 76 83 77 76 82 83 84 91 85 84 90 91 86 93 87 86 92 93 88 95 89 88 94 95 96 103 97 96 102 103 98 105 99 98 104 105 100 107 101 100 106 107 108 115 109 108 114 115 110 117 111 110 116 117 112 119 113 112 118 119 120 127 121 120 126 127 122 129 123 122 128 129 124 131 125 124 130 131 132 139 133 132 138 139 134 141 135 134 140 141 136 143 137 136 142 143 144 151 145 144 150 151 146 153 147 146 152 153 148 155 149 148 154 155 156 163 157 156 162 163 158 165 159 158 164 165 160 167 161 160 166 167 168 175 169 168 174 175 170 177 171 170 176 177 172 179 173 172 178 179 180 187 181 180 186 187 182 189 183 182 188 189 184 191 185 184 190 191 192 199 193 192 198 199 194 201 195 194 200 201 196 203 197 196 202 203 204 211 205 204 210 211 206 213 207 206 212 213 208 215 209 208 214 215 </p>
    </triangles>
   </mesh>
  </geometry>
  <geometry id="geometry146">
   <mesh>
    <triangles count="16" material="geometryElement135">
     <input semantic="VERTEX" offset="0" source="#geometrySource129-vertices"/>
     <input semantic="NORMAL" offset="0" source="#geometrySource131"/>
     <input semantic="TEXCOORD" offset="0" source="#geometrySource133" set="1"/>
     <p>0 3 1 0 2 3 2 5 3 2 4 5 4 7 5 4 6 7 6 9 7 6 8 9 8 11 9 8 10 11 10 13 11 10 12 13 12 15 13 12 14 15 14 17 15 14 16 17 </p>
    </triangles>
    <triangles count="8" material="geometryElement136">
     <input semantic="VERTEX" offset="0" source="#geometrySource129-vertices"/>
     <input semantic="NORMAL" offset="0" source="#geometrySource131"/>
     <input semantic="TEXCOORD" offset="0" source="#geometrySource133" set="1"/>
     <p>18 20 21 20 22 23 22 24 25 24 26 27 26 28 29 28 30 31 30 32 33 32 34 35 </p>
    </triangles>
    <triangles count="8" material="geometryElement137">
     <input semantic="VERTEX" offset="0" source="#geometrySource129-vertices"/>
     <input semantic="NORMAL" offset="0" source="#geometrySource131"/>
     <input semantic="TEXCOORD" offset="0" source="#geometrySource133" set="1"/>
     <p>36 38 39 38 40 41 40 42 43 42 44 45 44 46 47 46 48 49 48 50 51 50 52 53 </p>
    </triangles>
   </mesh>
  </geometry>
  <geometry id="geometry147">
   <mesh>
    <triangles count="16" material="geometryElement135">
     <input semantic="VERTEX" offset="0" source="#geometrySource129-vertices"/>
     <input semantic="NORMAL" offset="0" source="#geometrySource131"/>
     <input semantic="TEXCOORD" offset="0" source="#geometrySource133" set="1"/>
     <p>0 3 1 0 2 3 2 5 3 2 4 5 4 7 5 4 6 7 6 9 7 6 8 9 8 11 9 8 10 11 10 13 11 10 12 13 12 15 13 12 14 15 14 17 15 14 16 17 </p>
    </triangles>
    <triangles count="8" material="geometryElement136">
     <input semantic="VERTEX" offset="0" source="#geometrySource129-vertices"/>
     <input semantic="NORMAL" offset="0" source="#geometrySource131"/>
     <input semantic="TEXCOORD" offset="0" source="#geometrySource133" set="1"/>
     <p>18 20 21 20 22 23 22 24 25 24 26 27 26 28 29 28 30 31 30 32 33 32 34 35 </p>
    </triangles>
    <triangles count="8" material="geometryElement137">
     <input semantic="VERTEX" offset="0" source="#geometrySource129-vertices"/>
     <input semantic="NORMAL" offset="0" source="#geometrySource131"/>
     <input semantic="TEXCOORD" offset="0" source="#geometrySource133" set="1"/>
     <p>36 38 39 38 40 41 40 42 43 42 44 45 44 46 47 46 48 49 48 50 51 50 52 53 </p>
    </triangles>
   </mesh>
  </geometry>
  <geometry id="geometry148">
   <mesh>
    <source id="geometrySource149">
     <float_array id="ID150-array" count="72">-0.85 -0.007 0.004 -0.85 0.007 0.004 0.85 -0.007 0.004 0.85 0.007 0.004 0.85 -0.007 0.004 0.85 0.007 0.004 0.85 -0.007 -0.00400007 0.85 0.007 -0.00400007 0.85 -0.007 -0.00400015 0.85 0.007 -0.00400015 -0.85 -0.007 -0.004 -0.85 0.007 -0.004 -0.85 -0.007 -0.004 -0.85 0.007 -0.004 -0.85 -0.007 0.00400002 -0.85 0.007 0.00400002 -0.85 0.007 0.004 -0.85 0.007 -0.004 0.85 0.007 0.004 0.85 0.007 -0.004 -0.85 -0.007 -0.004 -0.85 -0.007 0.004 0.85 -0.007 -0.004 0.85 -0.007 0.004 </float_array>
     <technique_common>
      <accessor source="#ID150-array" count="24" stride="3">
       <param name="X" type="float"/>
       <param name="Y" type="float"/>
       <param name="Z" type="float"/>
      </accessor>
     </technique_common>
    </source>
    <source id="geometrySource151">
     <float_array id="ID152-array" count="72">0 0 1 0 0 1 0 0 1 0 0 1 1 0 -4.37114e-08 1 0 -4.37114e-08 1 0 -4.37114e-08 1 0 -4.37114e-08 -8.74228e-08 0 -1 -8.74228e-08 0 -1 -8.74228e-08 0 -1 -8.74228e-08 0 -1 -1 0 1.19249e-08 -1 0 1.19249e-08 -1 0 1.19249e-08 -1 0 1.19249e-08 0 1 -4.37114e-08 0 1 -4.37114e-08 0 1 -4.37114e-08 0 1 -4.37114e-08 0 -1 -4.37114e-08 0 -1 -4.37114e-08 0 -1 -4.37114e-08 0 -1 -4.37114e-08 </float_array>
     <technique_common>
      <accessor source="#ID152-array" count="24" stride="3">
       <param name="X" type="float"/>
       <param name="Y" type="float"/>
       <param name="Z" type="float"/>
      </accessor>
     </technique_common>
    </source>
    <source id="geometrySource153">
     <float_array id="ID154-array" count="48">0 0 0 1 1 0 1 1 0 0 0 1 1 0 1 1 0 0 0 1 1 0 1 1 0 0 0 1 1 0 1 1 0 0 0 1 1 0 1 1 0 0 0 1 1 0 1 1 </float_array>
     <technique_common>
      <accessor source="#ID154-array" count="24" stride="2">
       <param name="S" type="float"/>
       <param name="T" type="float"/>
      </accessor>
     </technique_common>
    </source>
    <vertices id="geometrySource149-vertices">
     <input semantic="POSITION" source="#geometrySource149"/>
     <input semantic="NORMAL" source="#geometrySource151"/>
    </vertices>
    <triangles count="12" material="geometryElement155">
     <input semantic="VERTEX" offset="0" source="#geometrySource149-vertices"/>
     <input semantic="NORMAL" offset="0" source="#geometrySource151"/>
     <input semantic="TEXCOORD" offset="0" source="#geometrySource153" set="1"/>
     <p>0 3 1 0 2 3 4 7 5 4 6 7 8 11 9 8 10 11 12 15 13 12 14 15 16 19 17 16 18 19 20 23 21 20 22 23 </p>
    </triangles>
   </mesh>
  </geometry>
  <geometry id="geometry156">
   <mesh>
    <triangles count="12" material="geometryElement155">
     <input semantic="VERTEX" offset="0" source="#geometrySource149-vertices"/>
     <input semantic="NORMAL" offset="0" source="#geometrySource151"/>
     <input semantic="TEXCOORD" offset="0" source="#geometrySource153" set="1"/>
     <p>0 3 1 0 2 3 4 7 5 4 6 7 8 11 9 8 10 11 12 15 13 12 14 15 16 19 17 16 18 19 20 23 21 20 22 23 </p>
    </triangles>
   </mesh>
  </geometry>
  <geometry id="geometry157">
   <mesh>
    <source id="geometrySource158">
     <float_array id="ID159-array" count="198">6.61309e-18 -0.115 -0.054 6.61309e-18 0.115 -0.054 -0.0317404 -0.115 -0.0436869 -0.0317404 0.115 -0.0436869 -0.0513571 -0.115 -0.0166869 -0.0513571 0.115 -0.0166869 -0.0513571 -0.115 0.0166869 -0.0513571 0.115 0.0166869 -0.0317404 -0.115 0.0436869 -0.0317404 0.115 0.0436869 -1.32262e-17 -0.115 0.054 -1.32262e-17 0.115 0.054 0.0317404 -0.115 0.0436869 0.0317404 0.115 0.0436869 0.0513571 -0.115 0.0166869 0.0513571 0.115 0.0166869 0.0513571 -0.115 -0.0166869 0.0513571 0.115 -0.0166869 0.0317404 -0.115 -0.0436869 0.0317404 0.115 -0.0436869 1.98393e-17 -0.115 -0.054 1.98393e-17 0.115 -0.054 6.61309e-18 0.115 -0.054 0 0.115 -0 -0.0317404 0.115 -0.0436869 -0 0.115 -0 -0.0513571 0.115 -0.0166869 -0 0.115 -0 -0.0513571 0.115 0.0166869 -0 0.115 0 -0.0317404 0.115 0.0436869 -0 0.115 0 -1.32262e-17 0.115 0.054 -0 0.115 0 0.0317404 0.115 0.0436869 0 0.115 0 0.0513571 0.115 0.0166869 0 0.115 0 0.0513571 0.115 -0.0166869 0 0.115 -0 0.0317404 0.115 -0.0436869 0 0.115 -0 1.98393e-17 0.115 -0.054 0 0.115 -0 -9.44166e-09 -0.115 -0.054 0 -0.115 0 0.0317404 -0.115 -0.0436869 0 -0.115 0 0.051357 -0.115 -0.0166869 0 -0.115 0 0.0513571 -0.115 0.0166869 0 -0.115 0 0.0317404 -0.115 0.0436869 0 -0.115 0 9.44166e-09 -0.115 0.054 0 -0.115 0 -0.0317404 -0.115 0.0436869 0 -0.115 0 -0.051357 -0.115 0.0166869 0 -0.115 0 -0.0513571 -0.115 -0.0166869 0 -0.115 0 -0.0317404 -0.115 -0.0436869 0 -0.115 0 -9.44166e-09 -0.115 -0.054 0 -0.115 0 </float_array>
     <technique_common>
      <accessor source="#ID159-array" count="66" stride="3">
       <param name="X" type="float"/>
       <param name="Y" type="float"/>
       <param name="Z" type="float"/>
      </accessor>
     </technique_common>
    </source>
    <source id="geometrySource160">
     <float_array id="ID161-array" count="198">1.22465e-16 0 -1 1.22465e-16 0 -1 -0.587785 0 -0.809017 -0.587785 0 -0.809017 -0.951057 0 -0.309017 -0.951057 0 -0.309017 -0.951056 0 0.309017 -0.951056 0 0.309017 -0.587785 0 0.809017 -0.587785 0 0.809017 -2.44929e-16 0 1 -2.44929e-16 0 1 0.587785 0 0.809017 0.587785 0 0.809017 0.951056 0 0.309017 0.951056 0 0.309017 0.951056 0 -0.309017 0.951056 0 -0.309017 0.587785 0 -0.809017 0.587785 0 -0.809017 3.67394e-16 0 -1 3.67394e-16 0 -1 0 1 0 0 1 0 0 1 0 0 1 0 0 1 0 0 1 0 0 1 0 0 1 0 0 1 0 0 1 0 0 1 0 0 1 0 0 1 0 0 1 0 0 1 0 0 1 0 0 1 0 0 1 0 0 1 0 0 1 0 0 1 0 0 1 0 0 -1 0 0 -1 0 0 -1 0 0 -1 0 0 -1 0 0 -1 0 0 -1 0 0 -1 0 0 -1 0 0 -1 0 0 -1 0 0 -1 0 0 -1 0 0 -1 0 0 -1 0 0 -1 0 0 -1 0 0 -1 0 0 -1 0 0 -1 0 0 -1 0 0 -1 0 </float_array>
     <technique_common>
      <accessor source="#ID161-array" count="66" stride="3">
       <param name="X" type="float"/>
       <param name="Y" type="float"/>
       <param name="Z" type="float"/>
      </accessor>
     </technique_common>
    </source>
    <source id="geometrySource162">
     <float_array id="ID163-array" count="132">0 0 0 1 0.1 0 0.1 1 0.2 0 0.2 1 0.3 0 0.3 1 0.4 0 0.4 1 0.5 0 0.5 1 0.6 0 0.6 1 0.7 0 0.7 1 0.8 0 0.8 1 0.9 0 0.9 1 1 0 1 1 1 0.5 0.5 0.5 0.904508 0.206107 0.5 0.5 0.654508 0.0244718 0.5 0.5 0.345491 0.0244718 0.5 0.5 0.0954915 0.206107 0.5 0.5 0 0.5 0.5 0.5 0.0954915 0.793893 0.5 0.5 0.345491 0.975528 0.5 0.5 0.654509 0.975528 0.5 0.5 0.904508 0.793893 0.5 0.5 1 0.5 0.5 0.5 1 0.5 0.5 0.5 0.904508 0.206107 0.5 0.5 0.654508 0.0244718 0.5 0.5 0.345491 0.0244718 0.5 0.5 0.0954915 0.206107 0.5 0.5 0 0.5 0.5 0.5 0.0954915 0.793893 0.5 0.5 0.345491 0.975528 0.5 0.5 0.654509 0.975528 0.5 0.5 0.904508 0.793893 0.5 0.5 1 0.5 0.5 0.5 </float_array>
     <technique_common>
      <accessor source="#ID163-array" count="66" stride="2">
       <param name="S" type="float"/>
       <param name="T" type="float"/>
      </accessor>
     </technique_common>
    </source>
    <vertices id="geometrySource158-vertices">
     <input semantic="POSITION" source="#geometrySource158"/>
     <input semantic="NORMAL" source="#geometrySource160"/>
    </vertices>
    <triangles count="20" material="geometryElement164">
     <input semantic="VERTEX" offset="0" source="#geometrySource158-vertices"/>
     <input semantic="NORMAL" offset="0" source="#geometrySource160"/>
     <input semantic="TEXCOORD" offset="0" source="#geometrySource162" set="1"/>
     <p>0 3 1 0 2 3 2 5 3 2 4 5 4 7 5 4 6 7 6 9 7 6 8 9 8 11 9 8 10 11 10 13 11 10 12 13 12 15 13 12 14 15 14 17 15 14 16 17 16 19 17 16 18 19 18 21 19 18 20 21 </p>
    </triangles>
    <triangles count="10" material="geometryElement165">
     <input semantic="VERTEX" offset="0" source="#geometrySource158-vertices"/>
     <input semantic="NORMAL" offset="0" source="#geometrySource160"/>
     <input semantic="TEXCOORD" offset="0" source="#geometrySource162" set="1"/>
     <p>22 24 25 24 26 27 26 28 29 28 30 31 30 32 33 32 34 35 34 36 37 36 38 39 38 40 41 40 42 43 </p>
    </triangles>
    <triangles count="10" material="geometryElement166">
     <input semantic="VERTEX" offset="0" source="#geometrySource158-vertices"/>
     <input semantic="NORMAL" offset="0" source="#geometrySource160"/>
     <input semantic="TEXCOORD" offset="0" source="#geometrySource162" set="1"/>
     <p>44 46 47 46 48 49 48 50 51 50 52 53 52 54 55 54 56 57 56 58 59 58 60 61 60 62 63 62 64 65 </p>
    </triangles>
   </mesh>
  </geometry>
  <geometry id="geometry167">
   <mesh>
    <triangles count="20" material="geometryElement164">
     <input semantic="VERTEX" offset="0" source="#geometrySource158-vertices"/>
     <input semantic="NORMAL" offset="0" source="#geometrySource160"/>
     <input semantic="TEXCOORD" offset="0" source="#geometrySource162" set="1"/>
     <p>0 3 1 0 2 3 2 5 3 2 4 5 4 7 5 4 6 7 6 9 7 6 8 9 8 11 9 8 10 11 10 13 11 10 12 13 12 15 13 12 14 15 14 17 15 14 16 17 16 19 17 16 18 19 18 21 19 18 20 21 </p>
    </triangles>
    <triangles count="10" material="geometryElement165">
     <input semantic="VERTEX" offset="0" source="#geometrySource158-vertices"/>
     <input semantic="NORMAL" offset="0" source="#geometrySource160"/>
     <input semantic="TEXCOORD" offset="0" source="#geometrySource162" set="1"/>
     <p>22 24 25 24 26 27 26 28 29 28 30 31 30 32 33 32 34 35 34 36 37 36 38 39 38 40 41 40 42 43 </p>
    </triangles>
    <triangles count="10" material="geometryElement166">
     <input semantic="VERTEX" offset="0" source="#geometrySource158-vertices"/>
     <input semantic="NORMAL" offset="0" source="#geometrySource160"/>
     <input semantic="TEXCOORD" offset="0" source="#geometrySource162" set="1"/>
     <p>44 46 47 46 48 49 48 50 51 50 52 53 52 54 55 54 56 57 56 58 59 58 60 61 60 62 63 62 64 65 </p>
    </triangles>
   </mesh>
  </geometry>
  <geometry id="geometry168">
   <mesh>
    <source id="geometrySource169">
     <float_array id="ID170-array" count="234">2.0819e-17 -0.024 -0.17 2.0819e-17 0.024 -0.17 -0.085 -0.024 -0.147224 -0.085 0.024 -0.147224 -0.147224 -0.024 -0.085 -0.147224 0.024 -0.085 -0.17 -0.024 -3.12285e-17 -0.17 0.024 -3.12285e-17 -0.147224 -0.024 0.085 -0.147224 0.024 0.085 -0.085 -0.024 0.147224 -0.085 0.024 0.147224 -4.1638e-17 -0.024 0.17 -4.1638e-17 0.024 0.17 0.085 -0.024 0.147224 0.085 0.024 0.147224 0.147224 -0.024 0.085 0.147224 0.024 0.085 0.17 -0.024 5.20475e-17 0.17 0.024 5.20475e-17 0.147224 -0.024 -0.085 0.147224 0.024 -0.085 0.085 -0.024 -0.147224 0.085 0.024 -0.147224 6.2457e-17 -0.024 -0.17 6.2457e-17 0.024 -0.17 2.0819e-17 0.024 -0.17 0 0.024 -0 -0.085 0.024 -0.147224 -0 0.024 -0 -0.147224 0.024 -0.085 -0 0.024 -0 -0.17 0.024 -3.12285e-17 -0 0.024 -0 -0.147224 0.024 0.085 -0 0.024 0 -0.085 0.024 0.147224 -0 0.024 0 -4.1638e-17 0.024 0.17 -0 0.024 0 0.085 0.024 0.147224 0 0.024 0 0.147224 0.024 0.085 0 0.024 0 0.17 0.024 5.20475e-17 0 0.024 0 0.147224 0.024 -0.085 0 0.024 -0 0.085 0.024 -0.147224 0 0.024 -0 6.2457e-17 0.024 -0.17 0 0.024 -0 -2.97237e-08 -0.024 -0.17 0 -0.024 0 0.085 -0.024 -0.147224 0 -0.024 0 0.147224 -0.024 -0.085 0 -0.024 0 0.17 -0.024 -2.97237e-08 0 -0.024 0 0.147224 -0.024 0.085 0 -0.024 0 0.085 -0.024 0.147224 0 -0.024 0 2.97237e-08 -0.024 0.17 0 -0.024 0 -0.085 -0.024 0.147224 0 -0.024 0 -0.147224 -0.024 0.085 0 -0.024 0 -0.17 -0.024 2.97237e-08 0 -0.024 0 -0.147224 -0.024 -0.085 0 -0.024 0 -0.085 -0.024 -0.147224 0 -0.024 0 -2.97237e-08 -0.024 -0.17 0 -0.024 0 </float_array>
     <technique_common>
      <accessor source="#ID170-array" count="78" stride="3">
       <param name="X" type="float"/>
       <param name="Y" type="float"/>
       <param name="Z" type="float"/>
      </accessor>
     </technique_common>
    </source>
    <source id="geometrySource171">
     <float_array id="ID172-array" count="234">1.22465e-16 0 -1 1.22465e-16 0 -1 -0.5 0 -0.866025 -0.5 0 -0.866025 -0.866025 0 -0.5 -0.866025 0 -0.5 -1 0 -1.83697e-16 -1 0 -1.83697e-16 -0.866025 0 0.5 -0.866025 0 0.5 -0.5 0 0.866025 -0.5 0 0.866025 -2.44929e-16 0 1 -2.44929e-16 0 1 0.5 0 0.866025 0.5 0 0.866025 0.866025 0 0.5 0.866025 0 0.5 1 0 3.06162e-16 1 0 3.06162e-16 0.866025 0 -0.5 0.866025 0 -0.5 0.5 0 -0.866025 0.5 0 -0.866025 3.67394e-16 0 -1 3.67394e-16 0 -1 0 1 0 0 1 0 0 1 0 0 1 0 0 1 0 0 1 0 0 1 0 0 1 0 0 1 0 0 1 0 0 1 0 0 1 0 0 1 0 0 1 0 0 1 0 0 1 0 0 1 0 0 1 0 0 1 0 0 1 0 0 1 0 0 1 0 0 1 0 0 1 0 0 1 0 0 1 0 0 -1 0 0 -1 0 0 -1 0 0 -1 0 0 -1 0 0 -1 0 0 -1 0 0 -1 0 0 -1 0 0 -1 0 0 -1 0 0 -1 0 0 -1 0 0 -1 0 0 -1 0 0 -1 0 0 -1 0 0 -1 0 0 -1 0 0 -1 0 0 -1 0 0 -1 0 0 -1 0 0 -1 0 0 -1 0 0 -1 0 </float_array>
     <technique_common>
      <accessor source="#ID172-array" count="78" stride="3">
       <param name="X" type="float"/>
       <param name="Y" type="float"/>
       <param name="Z" type="float"/>
      </accessor>
     </technique_common>
    </source>
    <source id="geometrySource173">
     <float_array id="ID174-array" count="156">0 0 0 1 0.0833333 0 0.0833333 1 0.166667 0 0.166667 1 0.25 0 0.25 1 0.333333 0 0.333333 1 0.416667 0 0.416667 1 0.5 0 0.5 1 0.583333 0 0.583333 1 0.666667 0 0.666667 1 0.75 0 0.75 1 0.833333 0 0.833333 1 0.916667 0 0.916667 1 1 0 1 1 1 0.5 0.5 0.5 0.933013 0.25 0.5 0.5 0.75 0.0669873 0.5 0.5 0.5 0 0.5 0.5 0.25 0.0669873 0.5 0.5 0.0669873 0.25 0.5 0.5 0 0.5 0.5 0.5 0.0669873 0.75 0.5 0.5 0.25 0.933013 0.5 0.5 0.5 1 0.5 0.5 0.75 0.933013 0.5 0.5 0.933013 0.75 0.5 0.5 1 0.5 0.5 0.5 1 0.5 0.5 0.5 0.933013 0.25 0.5 0.5 0.75 0.0669873 0.5 0.5 0.5 0 0.5 0.5 0.25 0.0669873 0.5 0.5 0.0669873 0.25 0.5 0.5 0 0.5 0.5 0.5 0.0669873 0.75 0.5 0.5 0.25 0.933013 0.5 0.5 0.5 1 0.5 0.5 0.75 0.933013 0.5 0.5 0.933013 0.75 0.5 0.5 1 0.5 0.5 0.5 </float_array>
     <technique_common>
      <accessor source="#ID174-array" count="78" stride="2">
       <param name="S" type="float"/>
       <param name="T" type="float"/>
      </accessor>
     </technique_common>
    </source>
    <vertices id="geometrySource169-vertices">
     <input semantic="POSITION" source="#geometrySource169"/>
     <input semantic="NORMAL" source="#geometrySource171"/>
    </vertices>
    <triangles count="24" material="geometryElement175">
     <input semantic="VERTEX" offset="0" source="#geometrySource169-vertices"/>
     <input semantic="NORMAL" offset="0" source="#geometrySource171"/>
     <input semantic="TEXCOORD" offset="0" source="#geometrySource173" set="1"/>
     <p>0 3 1 0 2 3 2 5 3 2 4 5 4 7 5 4 6 7 6 9 7 6 8 9 8 11 9 8 10 11 10 13 11 10 12 13 12 15 13 12 14 15 14 17 15 14 16 17 16 19 17 16 18 19 18 21 19 18 20 21 20 23 21 20 22 23 22 25 23 22 24 25 </p>
    </triangles>
    <triangles count="12" material="geometryElement176">
     <input semantic="VERTEX" offset="0" source="#geometrySource169-vertices"/>
     <input semantic="NORMAL" offset="0" source="#geometrySource171"/>
     <input semantic="TEXCOORD" offset="0" source="#geometrySource173" set="1"/>
     <p>26 28 29 28 30 31 30 32 33 32 34 35 34 36 37 36 38 39 38 40 41 40 42 43 42 44 45 44 46 47 46 48 49 48 50 51 </p>
    </triangles>
    <triangles count="12" material="geometryElement177">
     <input semantic="VERTEX" offset="0" source="#geometrySource169-vertices"/>
     <input semantic="NORMAL" offset="0" source="#geometrySource171"/>
     <input semantic="TEXCOORD" offset="0" source="#geometrySource173" set="1"/>
     <p>52 54 55 54 56 57 56 58 59 58 60 61 60 62 63 62 64 65 64 66 67 66 68 69 68 70 71 70 72 73 72 74 75 74 76 77 </p>
    </triangles>
   </mesh>
  </geometry>
  <geometry id="geometry178">
   <mesh>
    <triangles count="24" material="geometryElement175">
     <input semantic="VERTEX" offset="0" source="#geometrySource169-vertices"/>
     <input semantic="NORMAL" offset="0" source="#geometrySource171"/>
     <input semantic="TEXCOORD" offset="0" source="#geometrySource173" set="1"/>
     <p>0 3 1 0 2 3 2 5 3 2 4 5 4 7 5 4 6 7 6 9 7 6 8 9 8 11 9 8 10 11 10 13 11 10 12 13 12 15 13 12 14 15 14 17 15 14 16 17 16 19 17 16 18 19 18 21 19 18 20 21 20 23 21 20 22 23 22 25 23 22 24 25 </p>
    </triangles>
    <triangles count="12" material="geometryElement176">
     <input semantic="VERTEX" offset="0" source="#geometrySource169-vertices"/>
     <input semantic="NORMAL" offset="0" source="#geometrySource171"/>
     <input semantic="TEXCOORD" offset="0" source="#geometrySource173" set="1"/>
     <p>26 28 29 28 30 31 30 32 33 32 34 35 34 36 37 36 38 39 38 40 41 40 42 43 42 44 45 44 46 47 46 48 49 48 50 51 </p>
    </triangles>
    <triangles count="12" material="geometryElement177">
     <input semantic="VERTEX" offset="0" source="#geometrySource169-vertices"/>
     <input semantic="NORMAL" offset="0" source="#geometrySource171"/>
     <input semantic="TEXCOORD" offset="0" source="#geometrySource173" set="1"/>
     <p>52 54 55 54 56 57 56 58 59 58 60 61 60 62 63 62 64 65 64 66 67 66 68 69 68 70 71 70 72 73 72 74 75 74 76 77 </p>
    </triangles>
   </mesh>
  </geometry>
  <geometry id="geometry179">
   <mesh>
    <triangles count="24" material="geometryElement175">
     <input semantic="VERTEX" offset="0" source="#geometrySource169-vertices"/>
     <input semantic="NORMAL" offset="0" source="#geometrySource171"/>
     <input semantic="TEXCOORD" offset="0" source="#geometrySource173" set="1"/>
     <p>0 3 1 0 2 3 2 5 3 2 4 5 4 7 5 4 6 7 6 9 7 6 8 9 8 11 9 8 10 11 10 13 11 10 12 13 12 15 13 12 14 15 14 17 15 14 16 17 16 19 17 16 18 19 18 21 19 18 20 21 20 23 21 20 22 23 22 25 23 22 24 25 </p>
    </triangles>
    <triangles count="12" material="geometryElement176">
     <input semantic="VERTEX" offset="0" source="#geometrySource169-vertices"/>
     <input semantic="NORMAL" offset="0" source="#geometrySource171"/>
     <input semantic="TEXCOORD" offset="0" source="#geometrySource173" set="1"/>
     <p>26 28 29 28 30 31 30 32 33 32 34 35 34 36 37 36 38 39 38 40 41 40 42 43 42 44 45 44 46 47 46 48 49 48 50 51 </p>
    </triangles>
    <triangles count="12" material="geometryElement177">
     <input semantic="VERTEX" offset="0" source="#geometrySource169-vertices"/>
     <input semantic="NORMAL" offset="0" source="#geometrySource171"/>
     <input semantic="TEXCOORD" offset="0" source="#geometrySource173" set="1"/>
     <p>52 54 55 54 56 57 56 58 59 58 60 61 60 62 63 62 64 65 64 66 67 66 68 69 68 70 71 70 72 73 72 74 75 74 76 77 </p>
    </triangles>
   </mesh>
  </geometry>
  <geometry id="geometry180">
   <mesh>
    <triangles count="24" material="geometryElement175">
     <input semantic="VERTEX" offset="0" source="#geometrySource169-vertices"/>
     <input semantic="NORMAL" offset="0" source="#geometrySource171"/>
     <input semantic="TEXCOORD" offset="0" source="#geometrySource173" set="1"/>
     <p>0 3 1 0 2 3 2 5 3 2 4 5 4 7 5 4 6 7 6 9 7 6 8 9 8 11 9 8 10 11 10 13 11 10 12 13 12 15 13 12 14 15 14 17 15 14 16 17 16 19 17 16 18 19 18 21 19 18 20 21 20 23 21 20 22 23 22 25 23 22 24 25 </p>
    </triangles>
    <triangles count="12" material="geometryElement176">
     <input semantic="VERTEX" offset="0" source="#geometrySource169-vertices"/>
     <input semantic="NORMAL" offset="0" source="#geometrySource171"/>
     <input semantic="TEXCOORD" offset="0" source="#geometrySource173" set="1"/>
     <p>26 28 29 28 30 31 30 32 33 32 34 35 34 36 37 36 38 39 38 40 41 40 42 43 42 44 45 44 46 47 46 48 49 48 50 51 </p>
    </triangles>
    <triangles count="12" material="geometryElement177">
     <input semantic="VERTEX" offset="0" source="#geometrySource169-vertices"/>
     <input semantic="NORMAL" offset="0" source="#geometrySource171"/>
     <input semantic="TEXCOORD" offset="0" source="#geometrySource173" set="1"/>
     <p>52 54 55 54 56 57 56 58 59 58 60 61 60 62 63 62 64 65 64 66 67 66 68 69 68 70 71 70 72 73 72 74 75 74 76 77 </p>
    </triangles>
   </mesh>
  </geometry>
  <geometry id="geometry181">
   <mesh>
    <triangles count="24" material="geometryElement175">
     <input semantic="VERTEX" offset="0" source="#geometrySource169-vertices"/>
     <input semantic="NORMAL" offset="0" source="#geometrySource171"/>
     <input semantic="TEXCOORD" offset="0" source="#geometrySource173" set="1"/>
     <p>0 3 1 0 2 3 2 5 3 2 4 5 4 7 5 4 6 7 6 9 7 6 8 9 8 11 9 8 10 11 10 13 11 10 12 13 12 15 13 12 14 15 14 17 15 14 16 17 16 19 17 16 18 19 18 21 19 18 20 21 20 23 21 20 22 23 22 25 23 22 24 25 </p>
    </triangles>
    <triangles count="12" material="geometryElement176">
     <input semantic="VERTEX" offset="0" source="#geometrySource169-vertices"/>
     <input semantic="NORMAL" offset="0" source="#geometrySource171"/>
     <input semantic="TEXCOORD" offset="0" source="#geometrySource173" set="1"/>
     <p>26 28 29 28 30 31 30 32 33 32 34 35 34 36 37 36 38 39 38 40 41 40 42 43 42 44 45 44 46 47 46 48 49 48 50 51 </p>
    </triangles>
    <triangles count="12" material="geometryElement177">
     <input semantic="VERTEX" offset="0" source="#geometrySource169-vertices"/>
     <input semantic="NORMAL" offset="0" source="#geometrySource171"/>
     <input semantic="TEXCOORD" offset="0" source="#geometrySource173" set="1"/>
     <p>52 54 55 54 56 57 56 58 59 58 60 61 60 62 63 62 64 65 64 66 67 66 68 69 68 70 71 70 72 73 72 74 75 74 76 77 </p>
    </triangles>
   </mesh>
  </geometry>
  <geometry id="geometry182">
   <mesh>
    <triangles count="24" material="geometryElement175">
     <input semantic="VERTEX" offset="0" source="#geometrySource169-vertices"/>
     <input semantic="NORMAL" offset="0" source="#geometrySource171"/>
     <input semantic="TEXCOORD" offset="0" source="#geometrySource173" set="1"/>
     <p>0 3 1 0 2 3 2 5 3 2 4 5 4 7 5 4 6 7 6 9 7 6 8 9 8 11 9 8 10 11 10 13 11 10 12 13 12 15 13 12 14 15 14 17 15 14 16 17 16 19 17 16 18 19 18 21 19 18 20 21 20 23 21 20 22 23 22 25 23 22 24 25 </p>
    </triangles>
    <triangles count="12" material="geometryElement176">
     <input semantic="VERTEX" offset="0" source="#geometrySource169-vertices"/>
     <input semantic="NORMAL" offset="0" source="#geometrySource171"/>
     <input semantic="TEXCOORD" offset="0" source="#geometrySource173" set="1"/>
     <p>26 28 29 28 30 31 30 32 33 32 34 35 34 36 37 36 38 39 38 40 41 40 42 43 42 44 45 44 46 47 46 48 49 48 50 51 </p>
    </triangles>
    <triangles count="12" material="geometryElement177">
     <input semantic="VERTEX" offset="0" source="#geometrySource169-vertices"/>
     <input semantic="NORMAL" offset="0" source="#geometrySource171"/>
     <input semantic="TEXCOORD" offset="0" source="#geometrySource173" set="1"/>
     <p>52 54 55 54 56 57 56 58 59 58 60 61 60 62 63 62 64 65 64 66 67 66 68 69 68 70 71 70 72 73 72 74 75 74 76 77 </p>
    </triangles>
   </mesh>
  </geometry>
  <geometry id="geometry183">
   <mesh>
    <triangles count="24" material="geometryElement175">
     <input semantic="VERTEX" offset="0" source="#geometrySource169-vertices"/>
     <input semantic="NORMAL" offset="0" source="#geometrySource171"/>
     <input semantic="TEXCOORD" offset="0" source="#geometrySource173" set="1"/>
     <p>0 3 1 0 2 3 2 5 3 2 4 5 4 7 5 4 6 7 6 9 7 6 8 9 8 11 9 8 10 11 10 13 11 10 12 13 12 15 13 12 14 15 14 17 15 14 16 17 16 19 17 16 18 19 18 21 19 18 20 21 20 23 21 20 22 23 22 25 23 22 24 25 </p>
    </triangles>
    <triangles count="12" material="geometryElement176">
     <input semantic="VERTEX" offset="0" source="#geometrySource169-vertices"/>
     <input semantic="NORMAL" offset="0" source="#geometrySource171"/>
     <input semantic="TEXCOORD" offset="0" source="#geometrySource173" set="1"/>
     <p>26 28 29 28 30 31 30 32 33 32 34 35 34 36 37 36 38 39 38 40 41 40 42 43 42 44 45 44 46 47 46 48 49 48 50 51 </p>
    </triangles>
    <triangles count="12" material="geometryElement177">
     <input semantic="VERTEX" offset="0" source="#geometrySource169-vertices"/>
     <input semantic="NORMAL" offset="0" source="#geometrySource171"/>
     <input semantic="TEXCOORD" offset="0" source="#geometrySource173" set="1"/>
     <p>52 54 55 54 56 57 56 58 59 58 60 61 60 62 63 62 64 65 64 66 67 66 68 69 68 70 71 70 72 73 72 74 75 74 76 77 </p>
    </triangles>
   </mesh>
  </geometry>
  <geometry id="geometry184">
   <mesh>
    <triangles count="24" material="geometryElement175">
     <input semantic="VERTEX" offset="0" source="#geometrySource169-vertices"/>
     <input semantic="NORMAL" offset="0" source="#geometrySource171"/>
     <input semantic="TEXCOORD" offset="0" source="#geometrySource173" set="1"/>
     <p>0 3 1 0 2 3 2 5 3 2 4 5 4 7 5 4 6 7 6 9 7 6 8 9 8 11 9 8 10 11 10 13 11 10 12 13 12 15 13 12 14 15 14 17 15 14 16 17 16 19 17 16 18 19 18 21 19 18 20 21 20 23 21 20 22 23 22 25 23 22 24 25 </p>
    </triangles>
    <triangles count="12" material="geometryElement176">
     <input semantic="VERTEX" offset="0" source="#geometrySource169-vertices"/>
     <input semantic="NORMAL" offset="0" source="#geometrySource171"/>
     <input semantic="TEXCOORD" offset="0" source="#geometrySource173" set="1"/>
     <p>26 28 29 28 30 31 30 32 33 32 34 35 34 36 37 36 38 39 38 40 41 40 42 43 42 44 45 44 46 47 46 48 49 48 50 51 </p>
    </triangles>
    <triangles count="12" material="geometryElement177">
     <input semantic="VERTEX" offset="0" source="#geometrySource169-vertices"/>
     <input semantic="NORMAL" offset="0" source="#geometrySource171"/>
     <input semantic="TEXCOORD" offset="0" source="#geometrySource173" set="1"/>
     <p>52 54 55 54 56 57 56 58 59 58 60 61 60 62 63 62 64 65 64 66 67 66 68 69 68 70 71 70 72 73 72 74 75 74 76 77 </p>
    </triangles>
   </mesh>
  </geometry>
  <geometry id="geometry185">
   <mesh>
    <triangles count="24" material="geometryElement175">
     <input semantic="VERTEX" offset="0" source="#geometrySource169-vertices"/>
     <input semantic="NORMAL" offset="0" source="#geometrySource171"/>
     <input semantic="TEXCOORD" offset="0" source="#geometrySource173" set="1"/>
     <p>0 3 1 0 2 3 2 5 3 2 4 5 4 7 5 4 6 7 6 9 7 6 8 9 8 11 9 8 10 11 10 13 11 10 12 13 12 15 13 12 14 15 14 17 15 14 16 17 16 19 17 16 18 19 18 21 19 18 20 21 20 23 21 20 22 23 22 25 23 22 24 25 </p>
    </triangles>
    <triangles count="12" material="geometryElement176">
     <input semantic="VERTEX" offset="0" source="#geometrySource169-vertices"/>
     <input semantic="NORMAL" offset="0" source="#geometrySource171"/>
     <input semantic="TEXCOORD" offset="0" source="#geometrySource173" set="1"/>
     <p>26 28 29 28 30 31 30 32 33 32 34 35 34 36 37 36 38 39 38 40 41 40 42 43 42 44 45 44 46 47 46 48 49 48 50 51 </p>
    </triangles>
    <triangles count="12" material="geometryElement177">
     <input semantic="VERTEX" offset="0" source="#geometrySource169-vertices"/>
     <input semantic="NORMAL" offset="0" source="#geometrySource171"/>
     <input semantic="TEXCOORD" offset="0" source="#geometrySource173" set="1"/>
     <p>52 54 55 54 56 57 56 58 59 58 60 61 60 62 63 62 64 65 64 66 67 66 68 69 68 70 71 70 72 73 72 74 75 74 76 77 </p>
    </triangles>
   </mesh>
  </geometry>
 </library_geometries>
 <library_visual_scenes>
  <visual_scene id="scene186">
   <node id="Quest_master_chest" name="Quest_master_chest">
    <node id="_id_hinge_____the_only_animated_transfo" name="_id_hinge_____the_only_animated_transfo">
     <matrix>1 0 0 0 0 1 0 1.06 0 0 1 -0.58 0 0 0 1 </matrix>
     <node id="Master_lid" name="Master_lid">
      <instance_geometry url="#geometry1">
       <bind_material>
        <technique_common>
         <instance_material symbol="geometryElement6" target="#Midnight_enamel"/>
        </technique_common>
       </bind_material>
      </instance_geometry>
     </node>
     <node id="Lid_brass_band" name="Lid_brass_band">
      <matrix>1 0 0 -0.65 0 1 0 0 0 0 1 0 0 0 0 1 </matrix>
      <instance_geometry url="#geometry7">
       <bind_material>
        <technique_common>
         <instance_material symbol="geometryElement12" target="#Warm_brass"/>
        </technique_common>
       </bind_material>
      </instance_geometry>
     </node>
     <node id="node187" name="Lid_brass_band">
      <matrix>1 0 0 0.65 0 1 0 0 0 0 1 0 0 0 0 1 </matrix>
      <instance_geometry url="#geometry13">
       <bind_material>
        <technique_common>
         <instance_material symbol="geometryElement18" target="#Warm_brass"/>
        </technique_common>
       </bind_material>
      </instance_geometry>
     </node>
     <node id="Latch" name="Latch">
      <matrix>1 0 0 0 0 1 0 -0.01 0 0 1 1.195 0 0 0 1 </matrix>
      <instance_geometry url="#geometry19">
       <bind_material>
        <technique_common>
         <instance_material symbol="geometryElement26" target="#Warm_brass"/>
        </technique_common>
       </bind_material>
      </instance_geometry>
     </node>
     <node id="Keyhole_circle" name="Keyhole_circle">
      <matrix>1 0 0 0 0 5.960464e-08 -0.9999999 0.005 0 0.9999999 5.960464e-08 1.237 0 0 0 1 </matrix>
      <instance_geometry url="#geometry27">
       <bind_material>
        <technique_common>
         <instance_material symbol="geometryElement34" target="#Deep_seams"/>
         <instance_material symbol="geometryElement35" target="#Deep_seams"/>
         <instance_material symbol="geometryElement36" target="#Deep_seams"/>
        </technique_common>
       </bind_material>
      </instance_geometry>
     </node>
     <node id="Keyhole_stem" name="Keyhole_stem">
      <matrix>1 0 0 0 0 1 0 -0.043 0 0 1 1.238 0 0 0 1 </matrix>
      <instance_geometry url="#geometry37">
       <bind_material>
        <technique_common>
         <instance_material symbol="geometryElement44" target="#Deep_seams"/>
        </technique_common>
       </bind_material>
      </instance_geometry>
     </node>
     <node id="Diamond_hallmark" name="Diamond_hallmark">
      <matrix>0.7071067 -0.5 -0.5000001 0 0.7071068 0.5 0.5 0.345 0 -0.7071068 0.7071068 1.027 0 0 0 1 </matrix>
      <instance_geometry url="#geometry45">
       <bind_material>
        <technique_common>
         <instance_material symbol="geometryElement52" target="#Brass_edge"/>
        </technique_common>
       </bind_material>
      </instance_geometry>
     </node>
    </node>
    <node id="Floor" name="Floor">
     <matrix>1 0 0 0 0 1 0 0.22 0 0 1 0 0 0 0 1 </matrix>
     <instance_geometry url="#geometry53">
      <bind_material>
       <technique_common>
        <instance_material symbol="geometryElement60" target="#Deep_seams"/>
       </technique_common>
      </bind_material>
     </instance_geometry>
    </node>
    <node id="Front_wall" name="Front_wall">
     <matrix>1 0 0 0 0 1 0 0.635 0 0 1 0.52 0 0 0 1 </matrix>
     <instance_geometry url="#geometry61">
      <bind_material>
       <technique_common>
        <instance_material symbol="geometryElement68" target="#Midnight_enamel"/>
       </technique_common>
      </bind_material>
     </instance_geometry>
    </node>
    <node id="Back_wall" name="Back_wall">
     <matrix>1 0 0 0 0 1 0 0.635 0 0 1 -0.52 0 0 0 1 </matrix>
     <instance_geometry url="#geometry69">
      <bind_material>
       <technique_common>
        <instance_material symbol="geometryElement68" target="#Midnight_enamel"/>
       </technique_common>
      </bind_material>
     </instance_geometry>
    </node>
    <node id="Side_wall" name="Side_wall">
     <matrix>1 0 0 -0.87 0 1 0 0.635 0 0 1 0 0 0 0 1 </matrix>
     <instance_geometry url="#geometry70">
      <bind_material>
       <technique_common>
        <instance_material symbol="geometryElement77" target="#Raised_blue_panels"/>
       </technique_common>
      </bind_material>
     </instance_geometry>
    </node>
    <node id="node188" name="Side_wall">
     <matrix>1 0 0 0.87 0 1 0 0.635 0 0 1 0 0 0 0 1 </matrix>
     <instance_geometry url="#geometry78">
      <bind_material>
       <technique_common>
        <instance_material symbol="geometryElement77" target="#Raised_blue_panels"/>
       </technique_common>
      </bind_material>
     </instance_geometry>
    </node>
    <node id="Interior_floor" name="Interior_floor">
     <matrix>1 0 0 0 0 1 0 0.3 0 0 1 0 0 0 0 1 </matrix>
     <instance_geometry url="#geometry79">
      <bind_material>
       <technique_common>
        <instance_material symbol="geometryElement86" target="#Chest_interior"/>
       </technique_common>
      </bind_material>
     </instance_geometry>
    </node>
    <node id="Foot" name="Foot">
     <matrix>1 0 0 -0.77 0 1 0 0.12 0 0 1 -0.43 0 0 0 1 </matrix>
     <instance_geometry url="#geometry87">
      <bind_material>
       <technique_common>
        <instance_material symbol="geometryElement94" target="#Warm_brass"/>
       </technique_common>
      </bind_material>
     </instance_geometry>
    </node>
    <node id="node189" name="Foot">
     <matrix>1 0 0 -0.77 0 1 0 0.12 0 0 1 0.43 0 0 0 1 </matrix>
     <instance_geometry url="#geometry95">
      <bind_material>
       <technique_common>
        <instance_material symbol="geometryElement94" target="#Warm_brass"/>
       </technique_common>
      </bind_material>
     </instance_geometry>
    </node>
    <node id="node190" name="Foot">
     <matrix>1 0 0 0.77 0 1 0 0.12 0 0 1 -0.43 0 0 0 1 </matrix>
     <instance_geometry url="#geometry96">
      <bind_material>
       <technique_common>
        <instance_material symbol="geometryElement94" target="#Warm_brass"/>
       </technique_common>
      </bind_material>
     </instance_geometry>
    </node>
    <node id="node191" name="Foot">
     <matrix>1 0 0 0.77 0 1 0 0.12 0 0 1 0.43 0 0 0 1 </matrix>
     <instance_geometry url="#geometry97">
      <bind_material>
       <technique_common>
        <instance_material symbol="geometryElement94" target="#Warm_brass"/>
       </technique_common>
      </bind_material>
     </instance_geometry>
    </node>
    <node id="Front_rim" name="Front_rim">
     <matrix>1 0 0 0 0 1 0 0.32 0 0 1 0.59 0 0 0 1 </matrix>
     <instance_geometry url="#geometry98">
      <bind_material>
       <technique_common>
        <instance_material symbol="geometryElement105" target="#Warm_brass"/>
       </technique_common>
      </bind_material>
     </instance_geometry>
    </node>
    <node id="Back_rim" name="Back_rim">
     <matrix>1 0 0 0 0 1 0 0.32 0 0 1 -0.59 0 0 0 1 </matrix>
     <instance_geometry url="#geometry106">
      <bind_material>
       <technique_common>
        <instance_material symbol="geometryElement105" target="#Warm_brass"/>
       </technique_common>
      </bind_material>
     </instance_geometry>
    </node>
    <node id="Side_rim" name="Side_rim">
     <matrix>1 0 0 -0.94 0 1 0 0.32 0 0 1 0 0 0 0 1 </matrix>
     <instance_geometry url="#geometry107">
      <bind_material>
       <technique_common>
        <instance_material symbol="geometryElement114" target="#Warm_brass"/>
       </technique_common>
      </bind_material>
     </instance_geometry>
    </node>
    <node id="node192" name="Side_rim">
     <matrix>1 0 0 0.94 0 1 0 0.32 0 0 1 0 0 0 0 1 </matrix>
     <instance_geometry url="#geometry115">
      <bind_material>
       <technique_common>
        <instance_material symbol="geometryElement114" target="#Warm_brass"/>
       </technique_common>
      </bind_material>
     </instance_geometry>
    </node>
    <node id="node193" name="Front_rim">
     <matrix>1 0 0 0 0 1 0 0.98 0 0 1 0.59 0 0 0 1 </matrix>
     <instance_geometry url="#geometry116">
      <bind_material>
       <technique_common>
        <instance_material symbol="geometryElement105" target="#Warm_brass"/>
       </technique_common>
      </bind_material>
     </instance_geometry>
    </node>
    <node id="node194" name="Back_rim">
     <matrix>1 0 0 0 0 1 0 0.98 0 0 1 -0.59 0 0 0 1 </matrix>
     <instance_geometry url="#geometry117">
      <bind_material>
       <technique_common>
        <instance_material symbol="geometryElement105" target="#Warm_brass"/>
       </technique_common>
      </bind_material>
     </instance_geometry>
    </node>
    <node id="node195" name="Side_rim">
     <matrix>1 0 0 -0.94 0 1 0 0.98 0 0 1 0 0 0 0 1 </matrix>
     <instance_geometry url="#geometry118">
      <bind_material>
       <technique_common>
        <instance_material symbol="geometryElement114" target="#Warm_brass"/>
       </technique_common>
      </bind_material>
     </instance_geometry>
    </node>
    <node id="node196" name="Side_rim">
     <matrix>1 0 0 0.94 0 1 0 0.98 0 0 1 0 0 0 0 1 </matrix>
     <instance_geometry url="#geometry119">
      <bind_material>
       <technique_common>
        <instance_material symbol="geometryElement114" target="#Warm_brass"/>
       </technique_common>
      </bind_material>
     </instance_geometry>
    </node>
    <node id="Vertical_band" name="Vertical_band">
     <matrix>1 0 0 -0.65 0 1 0 0.65 0 0 1 -0.6 0 0 0 1 </matrix>
     <instance_geometry url="#geometry120">
      <bind_material>
       <technique_common>
        <instance_material symbol="geometryElement127" target="#Warm_brass"/>
       </technique_common>
      </bind_material>
     </instance_geometry>
    </node>
    <node id="Band_rivet" name="Band_rivet">
     <matrix>1 0 0 -0.65 0 5.960464e-08 -0.9999999 0.43 0 0.9999999 5.960464e-08 -0.632 0 0 0 1 </matrix>
     <instance_geometry url="#geometry128">
      <bind_material>
       <technique_common>
        <instance_material symbol="geometryElement135" target="#Brass_edge"/>
        <instance_material symbol="geometryElement136" target="#Brass_edge"/>
        <instance_material symbol="geometryElement137" target="#Brass_edge"/>
       </technique_common>
      </bind_material>
     </instance_geometry>
    </node>
    <node id="node197" name="Band_rivet">
     <matrix>1 0 0 -0.65 0 5.960464e-08 -0.9999999 0.85 0 0.9999999 5.960464e-08 -0.632 0 0 0 1 </matrix>
     <instance_geometry url="#geometry138">
      <bind_material>
       <technique_common>
        <instance_material symbol="geometryElement135" target="#Brass_edge"/>
        <instance_material symbol="geometryElement136" target="#Brass_edge"/>
        <instance_material symbol="geometryElement137" target="#Brass_edge"/>
       </technique_common>
      </bind_material>
     </instance_geometry>
    </node>
    <node id="node198" name="Vertical_band">
     <matrix>1 0 0 -0.65 0 1 0 0.65 0 0 1 0.6 0 0 0 1 </matrix>
     <instance_geometry url="#geometry139">
      <bind_material>
       <technique_common>
        <instance_material symbol="geometryElement127" target="#Warm_brass"/>
       </technique_common>
      </bind_material>
     </instance_geometry>
    </node>
    <node id="node199" name="Band_rivet">
     <matrix>1 0 0 -0.65 0 5.960464e-08 -0.9999999 0.43 0 0.9999999 5.960464e-08 0.632 0 0 0 1 </matrix>
     <instance_geometry url="#geometry140">
      <bind_material>
       <technique_common>
        <instance_material symbol="geometryElement135" target="#Brass_edge"/>
        <instance_material symbol="geometryElement136" target="#Brass_edge"/>
        <instance_material symbol="geometryElement137" target="#Brass_edge"/>
       </technique_common>
      </bind_material>
     </instance_geometry>
    </node>
    <node id="node200" name="Band_rivet">
     <matrix>1 0 0 -0.65 0 5.960464e-08 -0.9999999 0.85 0 0.9999999 5.960464e-08 0.632 0 0 0 1 </matrix>
     <instance_geometry url="#geometry141">
      <bind_material>
       <technique_common>
        <instance_material symbol="geometryElement135" target="#Brass_edge"/>
        <instance_material symbol="geometryElement136" target="#Brass_edge"/>
        <instance_material symbol="geometryElement137" target="#Brass_edge"/>
       </technique_common>
      </bind_material>
     </instance_geometry>
    </node>
    <node id="node201" name="Vertical_band">
     <matrix>1 0 0 0.65 0 1 0 0.65 0 0 1 -0.6 0 0 0 1 </matrix>
     <instance_geometry url="#geometry142">
      <bind_material>
       <technique_common>
        <instance_material symbol="geometryElement127" target="#Warm_brass"/>
       </technique_common>
      </bind_material>
     </instance_geometry>
    </node>
    <node id="node202" name="Band_rivet">
     <matrix>1 0 0 0.65 0 5.960464e-08 -0.9999999 0.43 0 0.9999999 5.960464e-08 -0.632 0 0 0 1 </matrix>
     <instance_geometry url="#geometry143">
      <bind_material>
       <technique_common>
        <instance_material symbol="geometryElement135" target="#Brass_edge"/>
        <instance_material symbol="geometryElement136" target="#Brass_edge"/>
        <instance_material symbol="geometryElement137" target="#Brass_edge"/>
       </technique_common>
      </bind_material>
     </instance_geometry>
    </node>
    <node id="node203" name="Band_rivet">
     <matrix>1 0 0 0.65 0 5.960464e-08 -0.9999999 0.85 0 0.9999999 5.960464e-08 -0.632 0 0 0 1 </matrix>
     <instance_geometry url="#geometry144">
      <bind_material>
       <technique_common>
        <instance_material symbol="geometryElement135" target="#Brass_edge"/>
        <instance_material symbol="geometryElement136" target="#Brass_edge"/>
        <instance_material symbol="geometryElement137" target="#Brass_edge"/>
       </technique_common>
      </bind_material>
     </instance_geometry>
    </node>
    <node id="node204" name="Vertical_band">
     <matrix>1 0 0 0.65 0 1 0 0.65 0 0 1 0.6 0 0 0 1 </matrix>
     <instance_geometry url="#geometry145">
      <bind_material>
       <technique_common>
        <instance_material symbol="geometryElement127" target="#Warm_brass"/>
       </technique_common>
      </bind_material>
     </instance_geometry>
    </node>
    <node id="node205" name="Band_rivet">
     <matrix>1 0 0 0.65 0 5.960464e-08 -0.9999999 0.43 0 0.9999999 5.960464e-08 0.632 0 0 0 1 </matrix>
     <instance_geometry url="#geometry146">
      <bind_material>
       <technique_common>
        <instance_material symbol="geometryElement135" target="#Brass_edge"/>
        <instance_material symbol="geometryElement136" target="#Brass_edge"/>
        <instance_material symbol="geometryElement137" target="#Brass_edge"/>
       </technique_common>
      </bind_material>
     </instance_geometry>
    </node>
    <node id="node206" name="Band_rivet">
     <matrix>1 0 0 0.65 0 5.960464e-08 -0.9999999 0.85 0 0.9999999 5.960464e-08 0.632 0 0 0 1 </matrix>
     <instance_geometry url="#geometry147">
      <bind_material>
       <technique_common>
        <instance_material symbol="geometryElement135" target="#Brass_edge"/>
        <instance_material symbol="geometryElement136" target="#Brass_edge"/>
        <instance_material symbol="geometryElement137" target="#Brass_edge"/>
       </technique_common>
      </bind_material>
     </instance_geometry>
    </node>
    <node id="Front_panel_seam" name="Front_panel_seam">
     <matrix>1 0 0 0 0 1 0 0.53 0 0 1 0.585 0 0 0 1 </matrix>
     <instance_geometry url="#geometry148">
      <bind_material>
       <technique_common>
        <instance_material symbol="geometryElement155" target="#Deep_seams"/>
       </technique_common>
      </bind_material>
     </instance_geometry>
    </node>
    <node id="node207" name="Front_panel_seam">
     <matrix>1 0 0 0 0 1 0 0.74 0 0 1 0.585 0 0 0 1 </matrix>
     <instance_geometry url="#geometry156">
      <bind_material>
       <technique_common>
        <instance_material symbol="geometryElement155" target="#Deep_seams"/>
       </technique_common>
      </bind_material>
     </instance_geometry>
    </node>
    <node id="Hinge_pin" name="Hinge_pin">
     <matrix>5.960464e-08 -0.9999999 0 -0.62 0.9999999 5.960464e-08 0 1.06 0 0 1 -0.58 0 0 0 1 </matrix>
     <instance_geometry url="#geometry157">
      <bind_material>
       <technique_common>
        <instance_material symbol="geometryElement164" target="#Warm_brass"/>
        <instance_material symbol="geometryElement165" target="#Warm_brass"/>
        <instance_material symbol="geometryElement166" target="#Warm_brass"/>
       </technique_common>
      </bind_material>
     </instance_geometry>
    </node>
    <node id="node208" name="Hinge_pin">
     <matrix>5.960464e-08 -0.9999999 0 0.62 0.9999999 5.960464e-08 0 1.06 0 0 1 -0.58 0 0 0 1 </matrix>
     <instance_geometry url="#geometry167">
      <bind_material>
       <technique_common>
        <instance_material symbol="geometryElement164" target="#Warm_brass"/>
        <instance_material symbol="geometryElement165" target="#Warm_brass"/>
        <instance_material symbol="geometryElement166" target="#Warm_brass"/>
       </technique_common>
      </bind_material>
     </instance_geometry>
    </node>
    <node id="Coin_0" name="Coin_0">
     <matrix>1 0 0 -0.5 0 1 0 0.76 0 0 1 0.2 0 0 0 1 </matrix>
     <instance_geometry url="#geometry168">
      <bind_material>
       <technique_common>
        <instance_material symbol="geometryElement175" target="#Warm_brass"/>
        <instance_material symbol="geometryElement176" target="#Warm_brass"/>
        <instance_material symbol="geometryElement177" target="#Warm_brass"/>
       </technique_common>
      </bind_material>
     </instance_geometry>
    </node>
    <node id="Coin_1" name="Coin_1">
     <matrix>0.9484663 -0.09588276 0.3020234 -0.21 0.1143654 0.9924605 -0.04407577 0.78 -0.2955202 0.07634542 0.952281 0.22 0 0 0 1 </matrix>
     <instance_geometry url="#geometry178">
      <bind_material>
       <technique_common>
        <instance_material symbol="geometryElement175" target="#Brass_edge"/>
        <instance_material symbol="geometryElement176" target="#Brass_edge"/>
        <instance_material symbol="geometryElement177" target="#Brass_edge"/>
       </technique_common>
      </bind_material>
     </instance_geometry>
    </node>
    <node id="Coin_2" name="Coin_2">
     <matrix>0.8253356 0.08995783 0.5574305 0.1 0 0.9872273 -0.1593182 0.77 -0.5646425 0.131491 0.8147938 0.21 0 0 0 1 </matrix>
     <instance_geometry url="#geometry179">
      <bind_material>
       <technique_common>
        <instance_material symbol="geometryElement175" target="#Warm_brass"/>
        <instance_material symbol="geometryElement176" target="#Warm_brass"/>
        <instance_material symbol="geometryElement177" target="#Warm_brass"/>
       </technique_common>
      </bind_material>
     </instance_geometry>
    </node>
    <node id="Coin_3" name="Coin_3">
     <matrix>0.6171397 -0.1197122 0.7776937 0.43 0.0744143 0.9928086 0.0937738 0.75 -0.783327 0 0.6216099 0.2 0 0 0 1 </matrix>
     <instance_geometry url="#geometry180">
      <bind_material>
       <technique_common>
        <instance_material symbol="geometryElement175" target="#Brass_edge"/>
        <instance_material symbol="geometryElement176" target="#Brass_edge"/>
        <instance_material symbol="geometryElement177" target="#Brass_edge"/>
       </technique_common>
      </bind_material>
     </instance_geometry>
    </node>
    <node id="Coin_4" name="Coin_4">
     <matrix>0.3623578 0.07448362 0.9290581 -0.41 0 0.9968017 -0.0799147 0.82 -0.9320391 0.02895771 0.3611988 -0.09 0 0 0 1 </matrix>
     <instance_geometry url="#geometry181">
      <bind_material>
       <technique_common>
        <instance_material symbol="geometryElement175" target="#Warm_brass"/>
        <instance_material symbol="geometryElement176" target="#Warm_brass"/>
        <instance_material symbol="geometryElement177" target="#Warm_brass"/>
       </technique_common>
      </bind_material>
     </instance_geometry>
    </node>
    <node id="Coin_5" name="Coin_5">
     <matrix>0.07022841 0.03959309 0.9967449 -0.03 0.008468102 0.9991523 -0.04028536 0.83 -0.997495 0.01126971 0.06983358 -0.1 0 0 0 1 </matrix>
     <instance_geometry url="#geometry182">
      <bind_material>
       <technique_common>
        <instance_material symbol="geometryElement175" target="#Brass_edge"/>
        <instance_material symbol="geometryElement176" target="#Brass_edge"/>
        <instance_material symbol="geometryElement177" target="#Brass_edge"/>
       </technique_common>
      </bind_material>
     </instance_geometry>
    </node>
    <node id="Coin_6" name="Coin_6">
     <matrix>-0.2272022 0 0.9738476 0.34 0 1 0 0.81 -0.9738476 0 -0.2272022 -0.08 0 0 0 1 </matrix>
     <instance_geometry url="#geometry183">
      <bind_material>
       <technique_common>
        <instance_material symbol="geometryElement175" target="#Warm_brass"/>
        <instance_material symbol="geometryElement176" target="#Warm_brass"/>
        <instance_material symbol="geometryElement177" target="#Warm_brass"/>
       </technique_common>
      </bind_material>
     </instance_geometry>
    </node>
    <node id="Coin_7" name="Coin_7">
     <matrix>-0.5012155 -0.05084231 0.8638275 -0.2 -0.06043625 0.9978915 0.0236662 0.89 -0.8632092 -0.04034463 -0.5032314 0.05 0 0 0 1 </matrix>
     <instance_geometry url="#geometry184">
      <bind_material>
       <technique_common>
        <instance_material symbol="geometryElement175" target="#Brass_edge"/>
        <instance_material symbol="geometryElement176" target="#Brass_edge"/>
        <instance_material symbol="geometryElement177" target="#Brass_edge"/>
       </technique_common>
      </bind_material>
     </instance_geometry>
    </node>
    <node id="Coin_8" name="Coin_8">
     <matrix>-0.7373939 0.1076136 0.6668356 0.16 7.450581e-09 0.9872273 -0.1593182 0.89 -0.6754631 -0.1174802 -0.7279753 0.06 0 0 0 1 </matrix>
     <instance_geometry url="#geometry185">
      <bind_material>
       <technique_common>
        <instance_material symbol="geometryElement175" target="#Warm_brass"/>
        <instance_material symbol="geometryElement176" target="#Warm_brass"/>
        <instance_material symbol="geometryElement177" target="#Warm_brass"/>
       </technique_common>
      </bind_material>
     </instance_geometry>
    </node>
   </node>
  </visual_scene>
 </library_visual_scenes>
 <scene>
  <instance_visual_scene url="#scene186"/>
 </scene>
</COLLADA>
